,,Code,Total,British,Non-British,European Union,European Union,European Union,European Union,European Union,Non-European Union,Non-European Union,Non-European Union,Non-European Union,Non-European Union,Non-European Union,Non-European Union,Non-European Union,Non-European Union,Non-European Union,Non-European Union,Non-European Union,Non-European Union
,,,,,,European Union,European Union EU14,European Union EU8,European Union EU2,European Union Other,All,Other Europe,Asia,Asia,Asia,Asia,Asia,Rest of the World,Rest of the World,Rest of the World,Rest of the World,Rest of the World,Rest of the World
,,,,,,,,,,,,,All,Middle East and Central Asia,East Asia,South Asia,South East Asia,All,Sub-Saharan Africa,North Africa,North America,Central and South America,Oceania
Borough,Year,,,,,,,,,,,,,,,,,,,,,,
Barking and Dagenham,2004,E09000002,165.0,142.0,23.0,5.0,3.0,2.0,,,18.0,2.0,7.0,1.0,,6.0,,8.0,7.0,,1.0,1.0,
Barking and Dagenham,2005,E09000002,165.0,144.0,21.0,5.0,4.0,1.0,,,16.0,4.0,4.0,1.0,,3.0,,8.0,7.0,,,1.0,
Barking and Dagenham,2006,E09000002,166.0,144.0,22.0,5.0,4.0,1.0,,,17.0,5.0,6.0,1.0,,5.0,,6.0,5.0,,,1.0,
Barking and Dagenham,2007,E09000002,168.0,143.0,25.0,9.0,4.0,4.0,1.0,,16.0,3.0,4.0,,,3.0,,10.0,9.0,,,1.0,
Barking and Dagenham,2008,E09000002,171.0,138.0,33.0,11.0,3.0,7.0,1.0,,22.0,2.0,7.0,,1.0,6.0,,13.0,11.0,,,2.0,
Barking and Dagenham,2009,E09000002,177.0,140.0,36.0,14.0,7.0,6.0,1.0,,22.0,3.0,5.0,,1.0,4.0,,14.0,11.0,,,2.0,
Barking and Dagenham,2010,E09000002,182.0,144.0,38.0,15.0,8.0,7.0,,,23.0,2.0,7.0,1.0,,5.0,1.0,13.0,12.0,,1.0,1.0,
Barking and Dagenham,2011,E09000002,186.0,137.0,49.0,22.0,9.0,11.0,2.0,,27.0,3.0,8.0,,,6.0,1.0,16.0,14.0,1.0,,1.0,
Barking and Dagenham,2012,E09000002,190.0,157.0,32.0,11.0,3.0,6.0,2.0,,21.0,1.0,7.0,,1.0,5.0,1.0,13.0,12.0,1.0,,,
Barking and Dagenham,2013,E09000002,193.0,147.0,46.0,19.0,5.0,12.0,2.0,,27.0,3.0,9.0,,1.0,6.0,2.0,15.0,12.0,,,2.0,
Barking and Dagenham,2014,E09000002,197.0,145.0,52.0,26.0,6.0,15.0,6.0,,26.0,3.0,9.0,1.0,,5.0,2.0,14.0,14.0,,,,
Barking and Dagenham,2015,E09000002,201.0,144.0,57.0,30.0,11.0,11.0,7.0,,27.0,1.0,10.0,2.0,1.0,6.0,2.0,15.0,15.0,,,,
Barking and Dagenham,2016,E09000002,206.0,161.0,45.0,26.0,8.0,10.0,7.0,,19.0,3.0,5.0,,,3.0,2.0,11.0,10.0,,,1.0,
Barking and Dagenham,2017,E09000002,210.0,160.0,50.0,31.0,11.0,12.0,8.0,,19.0,2.0,8.0,,1.0,6.0,,9.0,7.0,,,2.0,
Barking and Dagenham,2018,E09000002,215.0,167.0,48.0,27.0,6.0,11.0,9.0,,21.0,3.0,10.0,,,9.0,,8.0,6.0,,1.0,1.0,
Barnet,2004,E09000003,320.0,266.0,54.0,18.0,14.0,4.0,,,36.0,4.0,13.0,3.0,3.0,4.0,3.0,18.0,9.0,,1.0,4.0,3.0
Barnet,2005,E09000003,324.0,264.0,60.0,28.0,20.0,6.0,,1.0,33.0,3.0,18.0,,6.0,9.0,3.0,11.0,7.0,,2.0,2.0,
Barnet,2006,E09000003,329.0,263.0,65.0,30.0,17.0,13.0,,,36.0,5.0,15.0,4.0,3.0,7.0,,15.0,6.0,,3.0,4.0,2.0
Barnet,2007,E09000003,331.0,265.0,67.0,24.0,16.0,7.0,,,43.0,8.0,20.0,5.0,3.0,11.0,,15.0,6.0,,2.0,4.0,2.0
Barnet,2008,E09000003,336.0,270.0,65.0,25.0,14.0,8.0,2.0,,40.0,4.0,20.0,6.0,4.0,9.0,1.0,16.0,6.0,1.0,3.0,2.0,3.0
Barnet,2009,E09000003,343.0,269.0,73.0,37.0,16.0,15.0,5.0,,36.0,5.0,18.0,8.0,3.0,5.0,2.0,13.0,6.0,2.0,2.0,3.0,
Barnet,2010,E09000003,348.0,279.0,69.0,36.0,14.0,20.0,2.0,,33.0,4.0,20.0,1.0,5.0,8.0,6.0,9.0,4.0,,1.0,2.0,2.0
Barnet,2011,E09000003,355.0,285.0,68.0,32.0,10.0,16.0,6.0,,36.0,6.0,22.0,5.0,7.0,6.0,4.0,7.0,4.0,,,,1.0
Barnet,2012,E09000003,361.0,279.0,81.0,35.0,17.0,10.0,8.0,,46.0,5.0,31.0,13.0,2.0,7.0,8.0,10.0,7.0,,2.0,,
Barnet,2013,E09000003,367.0,297.0,68.0,34.0,14.0,15.0,5.0,,33.0,2.0,21.0,9.0,6.0,4.0,2.0,11.0,9.0,,1.0,,
Barnet,2014,E09000003,373.0,286.0,87.0,58.0,25.0,17.0,14.0,3.0,28.0,1.0,24.0,11.0,5.0,7.0,,3.0,,,2.0,,
Barnet,2015,E09000003,378.0,298.0,79.0,48.0,25.0,14.0,8.0,,31.0,3.0,19.0,10.0,3.0,5.0,1.0,9.0,2.0,2.0,2.0,2.0,
Barnet,2016,E09000003,385.0,304.0,80.0,42.0,21.0,8.0,12.0,,39.0,4.0,24.0,12.0,8.0,3.0,1.0,11.0,4.0,2.0,1.0,2.0,
Barnet,2017,E09000003,391.0,310.0,81.0,54.0,18.0,13.0,21.0,,27.0,4.0,9.0,2.0,3.0,1.0,2.0,14.0,3.0,,7.0,4.0,
Barnet,2018,E09000003,391.0,321.0,71.0,45.0,21.0,11.0,12.0,,26.0,,17.0,7.0,6.0,3.0,,9.0,3.0,,2.0,1.0,
Bexley,2004,E09000004,220.0,210.0,10.0,4.0,4.0,,,,5.0,,2.0,,,1.0,,3.0,3.0,,,,
Bexley,2005,E09000004,221.0,211.0,10.0,2.0,2.0,,,,8.0,,2.0,,,2.0,,6.0,4.0,,,1.0,
Bexley,2006,E09000004,222.0,208.0,15.0,3.0,2.0,1.0,,,11.0,,5.0,,,5.0,,6.0,4.0,,,2.0,
Bexley,2007,E09000004,223.0,209.0,14.0,6.0,5.0,1.0,,,8.0,1.0,2.0,,,1.0,,5.0,5.0,,,,
Bexley,2008,E09000004,226.0,208.0,17.0,6.0,6.0,,,,11.0,1.0,2.0,,,1.0,,8.0,7.0,,,1.0,
Bexley,2009,E09000004,227.0,213.0,14.0,7.0,3.0,3.0,,,7.0,2.0,2.0,,,2.0,,4.0,3.0,,,,
Bexley,2010,E09000004,230.0,211.0,18.0,8.0,5.0,2.0,,,11.0,,3.0,,1.0,2.0,,7.0,5.0,,,1.0,1.0
Bexley,2011,E09000004,232.0,211.0,21.0,9.0,4.0,5.0,1.0,,11.0,2.0,4.0,,2.0,2.0,,5.0,4.0,,,1.0,
Bexley,2012,E09000004,233.0,213.0,20.0,7.0,2.0,5.0,,,13.0,,3.0,,1.0,1.0,,9.0,6.0,,,3.0,
Bexley,2013,E09000004,235.0,208.0,27.0,12.0,2.0,9.0,1.0,,15.0,4.0,2.0,,,,1.0,9.0,7.0,,,1.0,
Bexley,2014,E09000004,236.0,211.0,25.0,10.0,5.0,4.0,,,15.0,3.0,3.0,,2.0,1.0,,9.0,7.0,,,2.0,
Bexley,2015,E09000004,242.0,217.0,24.0,10.0,4.0,3.0,2.0,2.0,14.0,3.0,4.0,,,3.0,,7.0,6.0,,,1.0,
Bexley,2016,E09000004,244.0,217.0,27.0,13.0,6.0,6.0,2.0,,14.0,1.0,5.0,,2.0,3.0,,8.0,8.0,,,,
Bexley,2017,E09000004,247.0,225.0,22.0,10.0,3.0,4.0,3.0,,12.0,1.0,4.0,,1.0,3.0,,7.0,5.0,,,1.0,
Bexley,2018,E09000004,249.0,219.0,29.0,18.0,5.0,11.0,1.0,,12.0,1.0,4.0,,,3.0,,7.0,5.0,,,1.0,
Brent,2004,E09000005,267.0,194.0,73.0,30.0,25.0,5.0,,,43.0,5.0,15.0,2.0,1.0,12.0,,22.0,10.0,1.0,,4.0,6.0
Brent,2005,E09000005,269.0,206.0,63.0,25.0,23.0,2.0,,,38.0,2.0,14.0,2.0,,12.0,,21.0,9.0,,1.0,7.0,3.0
Brent,2006,E09000005,275.0,208.0,67.0,25.0,14.0,10.0,,,42.0,5.0,18.0,5.0,,12.0,,19.0,9.0,,1.0,7.0,
Brent,2007,E09000005,282.0,196.0,86.0,31.0,15.0,11.0,5.0,,55.0,3.0,28.0,11.0,,16.0,1.0,23.0,5.0,,2.0,12.0,4.0
Brent,2008,E09000005,289.0,197.0,93.0,43.0,24.0,15.0,4.0,,50.0,1.0,26.0,6.0,,16.0,3.0,22.0,7.0,2.0,1.0,12.0,
Brent,2009,E09000005,296.0,208.0,88.0,48.0,22.0,13.0,12.0,,40.0,,23.0,4.0,,16.0,2.0,16.0,8.0,,,5.0,1.0
Brent,2010,E09000005,303.0,213.0,90.0,41.0,19.0,14.0,9.0,,48.0,3.0,30.0,5.0,,19.0,5.0,16.0,9.0,,,4.0,1.0
Brent,2011,E09000005,310.0,216.0,94.0,51.0,33.0,8.0,10.0,,42.0,2.0,24.0,4.0,,17.0,2.0,17.0,7.0,3.0,,6.0,
Brent,2012,E09000005,313.0,199.0,113.0,55.0,30.0,14.0,11.0,,58.0,,39.0,6.0,1.0,28.0,4.0,18.0,9.0,2.0,2.0,5.0,
Brent,2013,E09000005,317.0,196.0,117.0,54.0,33.0,12.0,10.0,,63.0,2.0,42.0,8.0,,29.0,5.0,19.0,9.0,1.0,2.0,5.0,2.0
Brent,2014,E09000005,322.0,198.0,122.0,63.0,33.0,16.0,13.0,,59.0,1.0,37.0,9.0,1.0,22.0,5.0,20.0,10.0,2.0,2.0,4.0,2.0
Brent,2015,E09000005,323.0,214.0,107.0,53.0,34.0,10.0,10.0,,54.0,2.0,34.0,8.0,,23.0,3.0,18.0,7.0,3.0,2.0,3.0,2.0
Brent,2016,E09000005,329.0,217.0,112.0,71.0,44.0,18.0,9.0,,41.0,1.0,29.0,6.0,,21.0,2.0,11.0,4.0,1.0,1.0,2.0,2.0
Brent,2017,E09000005,333.0,217.0,114.0,74.0,37.0,13.0,24.0,,40.0,2.0,25.0,4.0,,19.0,1.0,14.0,9.0,1.0,1.0,2.0,
Brent,2018,E09000005,328.0,226.0,102.0,66.0,38.0,11.0,16.0,,36.0,,27.0,11.0,2.0,14.0,,9.0,3.0,2.0,,2.0,1.0
Bromley,2004,E09000006,295.0,281.0,14.0,6.0,6.0,,,,8.0,1.0,1.0,,,,1.0,6.0,3.0,,1.0,,1.0
Bromley,2005,E09000006,297.0,277.0,20.0,6.0,5.0,,,,14.0,2.0,3.0,,,2.0,,10.0,3.0,,2.0,2.0,2.0
Bromley,2006,E09000006,299.0,277.0,22.0,10.0,7.0,3.0,,,12.0,1.0,2.0,,,,1.0,9.0,6.0,,1.0,,
Bromley,2007,E09000006,300.0,279.0,21.0,11.0,9.0,2.0,,,10.0,3.0,2.0,,,1.0,,5.0,4.0,,,,
Bromley,2008,E09000006,303.0,275.0,27.0,7.0,5.0,2.0,,,20.0,6.0,4.0,,,2.0,1.0,11.0,6.0,,,4.0,
Bromley,2009,E09000006,304.0,279.0,26.0,9.0,8.0,,,,17.0,2.0,3.0,,,,3.0,12.0,7.0,,2.0,,2.0
Bromley,2010,E09000006,306.0,288.0,19.0,7.0,7.0,,,,12.0,2.0,3.0,,,1.0,1.0,6.0,4.0,,,,2.0
Bromley,2011,E09000006,308.0,282.0,26.0,9.0,6.0,2.0,,,18.0,3.0,8.0,2.0,2.0,4.0,,7.0,5.0,,,,
Bromley,2012,E09000006,312.0,278.0,34.0,14.0,10.0,4.0,,,20.0,3.0,11.0,2.0,1.0,8.0,,7.0,3.0,,1.0,1.0,
Bromley,2013,E09000006,314.0,283.0,31.0,11.0,9.0,,1.0,,20.0,2.0,11.0,1.0,,8.0,1.0,7.0,2.0,,1.0,2.0,1.0
Bromley,2014,E09000006,316.0,278.0,38.0,19.0,10.0,7.0,1.0,,20.0,2.0,11.0,1.0,1.0,7.0,2.0,7.0,3.0,,1.0,1.0,1.0
Bromley,2015,E09000006,322.0,284.0,37.0,18.0,11.0,6.0,,,19.0,2.0,9.0,,3.0,5.0,,8.0,3.0,,2.0,,1.0
Bromley,2016,E09000006,326.0,290.0,36.0,21.0,10.0,8.0,4.0,,15.0,3.0,6.0,,2.0,3.0,,6.0,1.0,,2.0,,
Bromley,2017,E09000006,330.0,305.0,25.0,12.0,5.0,4.0,3.0,,12.0,2.0,6.0,,,3.0,2.0,4.0,2.0,,,,
Bromley,2018,E09000006,332.0,291.0,41.0,21.0,9.0,5.0,7.0,,20.0,3.0,8.0,,,4.0,3.0,10.0,5.0,,2.0,,2.0
Camden,2004,E09000007,203.0,157.0,45.0,14.0,13.0,2.0,,,31.0,3.0,9.0,1.0,4.0,3.0,1.0,19.0,7.0,,6.0,1.0,5.0
Camden,2005,E09000007,207.0,160.0,46.0,15.0,14.0,1.0,,,31.0,4.0,11.0,3.0,1.0,3.0,3.0,16.0,7.0,,4.0,2.0,2.0
Camden,2006,E09000007,207.0,151.0,56.0,18.0,16.0,2.0,,,39.0,4.0,14.0,5.0,3.0,4.0,2.0,21.0,6.0,1.0,7.0,5.0,2.0
Camden,2007,E09000007,208.0,150.0,58.0,21.0,18.0,3.0,,,36.0,2.0,14.0,6.0,2.0,4.0,2.0,20.0,7.0,1.0,6.0,2.0,4.0
Camden,2008,E09000007,207.0,149.0,58.0,26.0,24.0,1.0,,,33.0,2.0,11.0,4.0,4.0,2.0,1.0,20.0,7.0,,6.0,3.0,4.0
Camden,2009,E09000007,210.0,151.0,58.0,26.0,21.0,3.0,,1.0,33.0,4.0,13.0,4.0,4.0,4.0,2.0,15.0,5.0,,4.0,2.0,3.0
Camden,2010,E09000007,212.0,158.0,54.0,27.0,23.0,4.0,,,27.0,2.0,8.0,1.0,3.0,3.0,1.0,17.0,5.0,,6.0,2.0,4.0
Camden,2011,E09000007,218.0,169.0,47.0,24.0,21.0,2.0,,,23.0,4.0,8.0,1.0,2.0,4.0,1.0,11.0,3.0,,5.0,1.0,2.0
Camden,2012,E09000007,223.0,167.0,56.0,19.0,15.0,4.0,,,36.0,6.0,15.0,2.0,7.0,3.0,3.0,16.0,3.0,1.0,7.0,1.0,3.0
Camden,2013,E09000007,226.0,168.0,58.0,25.0,18.0,6.0,1.0,,34.0,4.0,15.0,2.0,5.0,6.0,2.0,15.0,2.0,1.0,8.0,3.0,
Camden,2014,E09000007,230.0,171.0,58.0,31.0,26.0,5.0,,,27.0,2.0,13.0,1.0,3.0,3.0,6.0,12.0,4.0,,5.0,1.0,2.0
Camden,2015,E09000007,237.0,183.0,53.0,27.0,24.0,2.0,,,26.0,2.0,9.0,,5.0,2.0,3.0,15.0,5.0,,5.0,2.0,2.0
Camden,2016,E09000007,246.0,182.0,63.0,32.0,29.0,3.0,,,31.0,3.0,11.0,1.0,5.0,3.0,2.0,16.0,3.0,2.0,7.0,3.0,2.0
Camden,2017,E09000007,250.0,181.0,69.0,33.0,27.0,2.0,,3.0,36.0,2.0,14.0,2.0,7.0,3.0,3.0,19.0,2.0,,9.0,3.0,5.0
Camden,2018,E09000007,256.0,184.0,70.0,37.0,32.0,1.0,2.0,,33.0,4.0,13.0,,4.0,5.0,2.0,16.0,2.0,,5.0,4.0,5.0
City of London,2004,E09000001,,,,,,,,,,,,,,,,,,,,,
City of London,2005,E09000001,,,,,,,,,,,,,,,,,,,,,
City of London,2006,E09000001,,,,,,,,,,,,,,,,,,,,,
City of London,2007,E09000001,,,,,,,,,,,,,,,,,,,,,
City of London,2008,E09000001,,,,,,,,,,,,,,,,,,,,,
City of London,2009,E09000001,,,,,,,,,,,,,,,,,,,,,
City of London,2010,E09000001,,,,,,,,,,,,,,,,,,,,,
City of London,2011,E09000001,,,,,,,,,,,,,,,,,,,,,
City of London,2012,E09000001,,,,,,,,,,,,,,,,,,,,,
City of London,2013,E09000001,,,,,,,,,,,,,,,,,,,,,
City of London,2014,E09000001,,,,,,,,,,,,,,,,,,,,,
City of London,2015,E09000001,,,,,,,,,,,,,,,,,,,,,
City of London,2016,E09000001,,,,,,,,,,,,,,,,,,,,,
City of London,2017,E09000001,,,,,,,,,,,,,,,,,,,,,
City of London,2018,E09000001,,,,,,,,,,,,,,,,,,,,,
Croydon,2004,E09000008,334.0,293.0,42.0,12.0,10.0,2.0,,1.0,29.0,1.0,11.0,2.0,1.0,6.0,2.0,17.0,9.0,,1.0,5.0,1.0
Croydon,2005,E09000008,336.0,295.0,41.0,11.0,9.0,1.0,,1.0,29.0,3.0,10.0,,1.0,7.0,2.0,16.0,10.0,,,6.0,
Croydon,2006,E09000008,337.0,294.0,44.0,16.0,9.0,7.0,,,28.0,1.0,11.0,,1.0,8.0,2.0,15.0,9.0,,,4.0,1.0
Croydon,2007,E09000008,341.0,293.0,48.0,25.0,12.0,13.0,,,23.0,2.0,8.0,,2.0,5.0,1.0,13.0,5.0,,1.0,6.0,
Croydon,2008,E09000008,346.0,294.0,52.0,17.0,10.0,4.0,3.0,,35.0,2.0,9.0,2.0,,3.0,3.0,24.0,13.0,,2.0,8.0,
Croydon,2009,E09000008,350.0,293.0,56.0,21.0,14.0,7.0,,,35.0,,12.0,1.0,,6.0,5.0,22.0,14.0,,1.0,6.0,
Croydon,2010,E09000008,355.0,305.0,49.0,17.0,13.0,4.0,,,32.0,,17.0,2.0,,8.0,7.0,14.0,11.0,,,3.0,
Croydon,2011,E09000008,362.0,309.0,53.0,26.0,17.0,7.0,,,28.0,3.0,11.0,,,6.0,3.0,13.0,7.0,,,6.0,
Croydon,2012,E09000008,366.0,312.0,54.0,22.0,15.0,4.0,,2.0,32.0,2.0,14.0,,,11.0,1.0,16.0,10.0,,1.0,5.0,
Croydon,2013,E09000008,370.0,298.0,72.0,35.0,21.0,13.0,,,37.0,1.0,16.0,1.0,,13.0,2.0,20.0,12.0,,,5.0,
Croydon,2014,E09000008,374.0,310.0,65.0,37.0,20.0,14.0,2.0,1.0,28.0,3.0,12.0,,,10.0,,12.0,8.0,,,4.0,
Croydon,2015,E09000008,377.0,318.0,59.0,32.0,19.0,13.0,,,26.0,2.0,9.0,,3.0,6.0,,15.0,6.0,,2.0,4.0,
Croydon,2016,E09000008,382.0,309.0,74.0,42.0,21.0,12.0,9.0,,31.0,2.0,17.0,,4.0,12.0,,13.0,5.0,1.0,,5.0,
Croydon,2017,E09000008,387.0,307.0,80.0,37.0,17.0,16.0,4.0,,43.0,4.0,24.0,,3.0,20.0,1.0,16.0,9.0,,1.0,4.0,
Croydon,2018,E09000008,387.0,320.0,66.0,33.0,11.0,17.0,5.0,,33.0,2.0,15.0,2.0,,11.0,2.0,17.0,6.0,,2.0,6.0,3.0
Ealing,2004,E09000009,307.0,242.0,65.0,19.0,15.0,4.0,,,46.0,2.0,29.0,2.0,4.0,21.0,1.0,15.0,8.0,1.0,2.0,2.0,1.0
Ealing,2005,E09000009,310.0,235.0,75.0,27.0,15.0,12.0,,,48.0,5.0,29.0,5.0,4.0,17.0,3.0,15.0,7.0,,1.0,5.0,
Ealing,2006,E09000009,312.0,233.0,79.0,30.0,20.0,10.0,,,49.0,4.0,23.0,3.0,4.0,15.0,2.0,22.0,12.0,,2.0,6.0,2.0
Ealing,2007,E09000009,316.0,226.0,90.0,39.0,25.0,14.0,,,51.0,2.0,28.0,5.0,3.0,18.0,2.0,20.0,11.0,,3.0,3.0,3.0
Ealing,2008,E09000009,321.0,243.0,78.0,40.0,22.0,17.0,2.0,,38.0,3.0,23.0,6.0,4.0,11.0,2.0,13.0,5.0,3.0,,2.0,2.0
Ealing,2009,E09000009,327.0,245.0,82.0,35.0,20.0,14.0,1.0,,47.0,3.0,27.0,7.0,7.0,13.0,,17.0,10.0,,2.0,1.0,3.0
Ealing,2010,E09000009,331.0,247.0,84.0,34.0,17.0,13.0,3.0,2.0,50.0,1.0,35.0,12.0,6.0,14.0,3.0,13.0,4.0,2.0,4.0,2.0,1.0
Ealing,2011,E09000009,336.0,250.0,86.0,48.0,17.0,26.0,4.0,1.0,38.0,2.0,26.0,7.0,6.0,7.0,6.0,10.0,2.0,,3.0,2.0,2.0
Ealing,2012,E09000009,337.0,248.0,90.0,45.0,16.0,26.0,3.0,,44.0,4.0,30.0,9.0,4.0,15.0,1.0,10.0,4.0,,2.0,4.0,
Ealing,2013,E09000009,340.0,260.0,80.0,37.0,19.0,16.0,1.0,,43.0,3.0,28.0,2.0,5.0,18.0,2.0,13.0,7.0,,2.0,2.0,1.0
Ealing,2014,E09000009,342.0,242.0,100.0,51.0,22.0,26.0,3.0,,49.0,,30.0,3.0,2.0,23.0,2.0,18.0,11.0,,2.0,1.0,3.0
Ealing,2015,E09000009,340.0,235.0,104.0,53.0,21.0,29.0,3.0,,51.0,3.0,33.0,8.0,4.0,20.0,1.0,15.0,4.0,2.0,1.0,3.0,5.0
Ealing,2016,E09000009,346.0,234.0,111.0,63.0,27.0,33.0,3.0,,48.0,,29.0,8.0,5.0,15.0,1.0,19.0,4.0,,1.0,8.0,4.0
Ealing,2017,E09000009,348.0,250.0,98.0,65.0,31.0,30.0,3.0,,33.0,,21.0,3.0,2.0,14.0,,12.0,3.0,,,6.0,3.0
Ealing,2018,E09000009,343.0,271.0,72.0,41.0,18.0,17.0,4.0,,32.0,4.0,21.0,2.0,4.0,14.0,,6.0,2.0,,,,2.0
Enfield,2004,E09000010,280.0,247.0,33.0,14.0,8.0,4.0,,3.0,18.0,7.0,3.0,,,2.0,,8.0,6.0,,,1.0,
Enfield,2005,E09000010,282.0,249.0,33.0,11.0,7.0,,,3.0,22.0,6.0,7.0,2.0,,4.0,,10.0,6.0,,,4.0,
Enfield,2006,E09000010,284.0,235.0,48.0,15.0,8.0,4.0,,3.0,33.0,10.0,9.0,1.0,1.0,7.0,,13.0,10.0,,,2.0,
Enfield,2007,E09000010,289.0,232.0,57.0,16.0,8.0,4.0,2.0,2.0,41.0,12.0,7.0,1.0,1.0,5.0,,21.0,18.0,,,1.0,
Enfield,2008,E09000010,295.0,229.0,65.0,19.0,11.0,6.0,2.0,,46.0,12.0,9.0,,2.0,5.0,2.0,24.0,20.0,,,4.0,
Enfield,2009,E09000010,300.0,240.0,60.0,21.0,11.0,8.0,2.0,1.0,39.0,13.0,11.0,,2.0,7.0,2.0,15.0,10.0,,,4.0,
Enfield,2010,E09000010,305.0,253.0,51.0,17.0,9.0,7.0,,1.0,35.0,13.0,4.0,1.0,,2.0,,18.0,12.0,,,4.0,1.0
Enfield,2011,E09000010,312.0,251.0,60.0,25.0,13.0,11.0,1.0,,35.0,13.0,9.0,2.0,,4.0,2.0,14.0,12.0,,,1.0,1.0
Enfield,2012,E09000010,315.0,265.0,50.0,23.0,10.0,8.0,3.0,,27.0,12.0,6.0,2.0,,4.0,,9.0,7.0,,,1.0,
Enfield,2013,E09000010,319.0,266.0,54.0,27.0,10.0,8.0,7.0,2.0,27.0,14.0,5.0,,1.0,3.0,,8.0,6.0,,,1.0,
Enfield,2014,E09000010,323.0,276.0,48.0,21.0,11.0,8.0,1.0,,27.0,10.0,8.0,3.0,,4.0,1.0,10.0,6.0,,,3.0,
Enfield,2015,E09000010,326.0,267.0,59.0,31.0,13.0,13.0,4.0,1.0,28.0,9.0,7.0,4.0,,1.0,,13.0,8.0,2.0,,2.0,
Enfield,2016,E09000010,332.0,271.0,60.0,33.0,14.0,13.0,5.0,,28.0,10.0,5.0,1.0,,4.0,,12.0,8.0,2.0,,3.0,
Enfield,2017,E09000010,336.0,288.0,49.0,28.0,11.0,8.0,9.0,,20.0,5.0,8.0,2.0,,5.0,,7.0,5.0,,,2.0,
Enfield,2018,E09000010,337.0,272.0,65.0,38.0,20.0,4.0,11.0,2.0,28.0,8.0,8.0,2.0,2.0,4.0,,12.0,8.0,,,3.0,
Greenwich,2004,E09000011,225.0,192.0,33.0,9.0,7.0,2.0,,,25.0,2.0,4.0,,1.0,1.0,2.0,18.0,13.0,,1.0,2.0,2.0
Greenwich,2005,E09000011,228.0,195.0,33.0,9.0,6.0,3.0,,,24.0,3.0,6.0,,2.0,2.0,1.0,15.0,11.0,,,3.0,1.0
Greenwich,2006,E09000011,232.0,199.0,32.0,9.0,8.0,1.0,,,23.0,3.0,6.0,1.0,,2.0,2.0,13.0,11.0,,1.0,1.0,1.0
Greenwich,2007,E09000011,234.0,194.0,40.0,11.0,7.0,4.0,,,29.0,1.0,12.0,2.0,2.0,5.0,2.0,15.0,12.0,,1.0,2.0,
Greenwich,2008,E09000011,237.0,191.0,47.0,11.0,7.0,2.0,2.0,,35.0,1.0,14.0,,3.0,9.0,2.0,20.0,16.0,1.0,,2.0,
Greenwich,2009,E09000011,241.0,191.0,50.0,17.0,14.0,2.0,1.0,,33.0,,13.0,,2.0,8.0,3.0,20.0,14.0,1.0,2.0,1.0,1.0
Greenwich,2010,E09000011,247.0,189.0,57.0,20.0,10.0,4.0,6.0,,37.0,2.0,18.0,1.0,5.0,10.0,2.0,17.0,11.0,,2.0,3.0,
Greenwich,2011,E09000011,253.0,192.0,61.0,30.0,11.0,14.0,5.0,,31.0,1.0,12.0,1.0,1.0,9.0,1.0,18.0,13.0,,1.0,3.0,1.0
Greenwich,2012,E09000011,258.0,200.0,57.0,28.0,13.0,14.0,1.0,,30.0,3.0,11.0,,,8.0,2.0,16.0,11.0,,2.0,2.0,1.0
Greenwich,2013,E09000011,262.0,207.0,55.0,21.0,8.0,7.0,6.0,,35.0,3.0,19.0,1.0,1.0,15.0,2.0,12.0,11.0,,1.0,,
Greenwich,2014,E09000011,267.0,209.0,58.0,26.0,12.0,11.0,3.0,,32.0,2.0,12.0,,1.0,10.0,,18.0,12.0,,3.0,,2.0
Greenwich,2015,E09000011,271.0,203.0,68.0,32.0,15.0,14.0,2.0,1.0,36.0,4.0,14.0,,,13.0,,18.0,12.0,,3.0,1.0,2.0
Greenwich,2016,E09000011,276.0,209.0,67.0,29.0,12.0,12.0,5.0,,38.0,2.0,18.0,2.0,,15.0,,19.0,13.0,,1.0,4.0,
Greenwich,2017,E09000011,280.0,210.0,70.0,36.0,17.0,13.0,5.0,,34.0,4.0,11.0,,2.0,8.0,1.0,20.0,15.0,,2.0,2.0,1.0
Greenwich,2018,E09000011,285.0,221.0,62.0,32.0,17.0,9.0,5.0,,29.0,4.0,11.0,,2.0,7.0,2.0,14.0,9.0,,2.0,1.0,1.0
Hackney,2004,E09000012,212.0,175.0,37.0,10.0,9.0,1.0,,,27.0,5.0,5.0,1.0,1.0,2.0,1.0,17.0,9.0,,2.0,5.0,2.0
Hackney,2005,E09000012,215.0,164.0,52.0,18.0,15.0,2.0,,,33.0,7.0,5.0,1.0,2.0,2.0,1.0,22.0,9.0,,2.0,9.0,2.0
Hackney,2006,E09000012,219.0,159.0,60.0,20.0,15.0,5.0,,,39.0,9.0,8.0,1.0,2.0,3.0,1.0,22.0,12.0,1.0,1.0,7.0,1.0
Hackney,2007,E09000012,223.0,165.0,57.0,15.0,8.0,7.0,,1.0,42.0,10.0,8.0,1.0,2.0,3.0,2.0,25.0,13.0,2.0,2.0,7.0,1.0
Hackney,2008,E09000012,230.0,178.0,52.0,19.0,12.0,5.0,1.0,,33.0,6.0,3.0,,1.0,2.0,1.0,24.0,11.0,1.0,2.0,7.0,2.0
Hackney,2009,E09000012,236.0,181.0,54.0,21.0,14.0,6.0,,,34.0,4.0,7.0,1.0,1.0,3.0,2.0,22.0,8.0,2.0,2.0,7.0,3.0
Hackney,2010,E09000012,241.0,195.0,45.0,20.0,14.0,4.0,2.0,,25.0,6.0,6.0,,3.0,1.0,2.0,14.0,6.0,1.0,2.0,2.0,2.0
Hackney,2011,E09000012,246.0,196.0,50.0,23.0,18.0,3.0,1.0,,28.0,6.0,4.0,,1.0,2.0,1.0,18.0,5.0,,1.0,7.0,4.0
Hackney,2012,E09000012,251.0,198.0,52.0,23.0,19.0,2.0,2.0,,29.0,6.0,6.0,1.0,2.0,2.0,,18.0,6.0,,3.0,6.0,2.0
Hackney,2013,E09000012,256.0,203.0,52.0,23.0,18.0,3.0,1.0,,29.0,6.0,5.0,,,2.0,2.0,18.0,7.0,,4.0,4.0,3.0
Hackney,2014,E09000012,261.0,204.0,57.0,24.0,20.0,4.0,,,32.0,7.0,5.0,1.0,,2.0,1.0,20.0,8.0,,4.0,3.0,4.0
Hackney,2015,E09000012,268.0,209.0,59.0,27.0,19.0,5.0,3.0,,32.0,6.0,7.0,1.0,1.0,3.0,2.0,18.0,7.0,,6.0,3.0,2.0
Hackney,2016,E09000012,272.0,208.0,64.0,29.0,22.0,6.0,1.0,,34.0,4.0,10.0,2.0,2.0,4.0,2.0,21.0,6.0,1.0,2.0,6.0,6.0
Hackney,2017,E09000012,277.0,204.0,73.0,33.0,23.0,8.0,1.0,,40.0,5.0,10.0,3.0,2.0,4.0,1.0,26.0,11.0,1.0,7.0,3.0,4.0
Hackney,2018,E09000012,281.0,214.0,67.0,36.0,33.0,3.0,,,31.0,4.0,10.0,1.0,2.0,5.0,2.0,17.0,7.0,,4.0,4.0,2.0
Hammersmith and Fulham,2004,E09000013,170.0,121.0,49.0,20.0,19.0,1.0,,,29.0,4.0,7.0,2.0,1.0,2.0,2.0,18.0,5.0,,4.0,4.0,5.0
Hammersmith and Fulham,2005,E09000013,172.0,126.0,46.0,21.0,19.0,2.0,,,25.0,1.0,5.0,1.0,1.0,1.0,1.0,19.0,4.0,1.0,3.0,4.0,7.0
Hammersmith and Fulham,2006,E09000013,173.0,132.0,41.0,20.0,19.0,1.0,,,22.0,3.0,4.0,1.0,,2.0,1.0,14.0,4.0,,2.0,2.0,5.0
Hammersmith and Fulham,2007,E09000013,175.0,134.0,41.0,24.0,20.0,3.0,,,17.0,,4.0,,2.0,,2.0,13.0,5.0,1.0,1.0,3.0,4.0
Hammersmith and Fulham,2008,E09000013,175.0,132.0,43.0,23.0,20.0,3.0,,,19.0,3.0,4.0,,1.0,2.0,1.0,12.0,5.0,1.0,2.0,2.0,3.0
Hammersmith and Fulham,2009,E09000013,178.0,131.0,47.0,24.0,20.0,3.0,,,23.0,2.0,5.0,3.0,1.0,1.0,,16.0,5.0,1.0,4.0,2.0,5.0
Hammersmith and Fulham,2010,E09000013,179.0,140.0,38.0,20.0,15.0,4.0,,,19.0,1.0,3.0,1.0,1.0,1.0,,14.0,5.0,,3.0,1.0,5.0
Hammersmith and Fulham,2011,E09000013,181.0,131.0,50.0,25.0,22.0,2.0,1.0,,25.0,2.0,7.0,2.0,1.0,3.0,1.0,16.0,5.0,1.0,3.0,1.0,6.0
Hammersmith and Fulham,2012,E09000013,178.0,133.0,45.0,19.0,17.0,2.0,,,26.0,3.0,7.0,1.0,2.0,1.0,3.0,16.0,3.0,1.0,3.0,3.0,5.0
Hammersmith and Fulham,2013,E09000013,177.0,123.0,54.0,32.0,27.0,4.0,1.0,,22.0,1.0,8.0,3.0,1.0,2.0,3.0,12.0,2.0,1.0,2.0,5.0,2.0
Hammersmith and Fulham,2014,E09000013,176.0,124.0,52.0,27.0,23.0,3.0,1.0,0.0,25.0,2.0,10.0,2.0,1.0,5.0,2.0,13.0,2.0,1.0,4.0,4.0,2.0
Hammersmith and Fulham,2015,E09000013,176.0,128.0,48.0,28.0,24.0,3.0,1.0,,20.0,3.0,8.0,1.0,4.0,2.0,,9.0,3.0,,2.0,3.0,1.0
Hammersmith and Fulham,2016,E09000013,181.0,125.0,55.0,33.0,29.0,2.0,,1.0,23.0,1.0,5.0,1.0,2.0,1.0,1.0,16.0,7.0,,4.0,4.0,2.0
Hammersmith and Fulham,2017,E09000013,182.0,127.0,55.0,35.0,27.0,6.0,1.0,,20.0,1.0,8.0,1.0,2.0,2.0,2.0,11.0,1.0,,3.0,2.0,4.0
Hammersmith and Fulham,2018,E09000013,180.0,131.0,50.0,28.0,22.0,3.0,2.0,,21.0,2.0,7.0,1.0,4.0,2.0,1.0,13.0,4.0,,4.0,5.0,
Haringey,2004,E09000014,225.0,172.0,53.0,15.0,13.0,3.0,,,38.0,14.0,8.0,1.0,2.0,5.0,,16.0,10.0,,1.0,3.0,1.0
Haringey,2005,E09000014,228.0,176.0,52.0,20.0,12.0,8.0,,,32.0,11.0,5.0,,,4.0,1.0,15.0,8.0,,1.0,5.0,1.0
Haringey,2006,E09000014,232.0,178.0,54.0,20.0,13.0,7.0,,,33.0,12.0,4.0,1.0,,3.0,,17.0,8.0,1.0,2.0,4.0,2.0
Haringey,2007,E09000014,235.0,175.0,61.0,18.0,10.0,6.0,1.0,,43.0,11.0,12.0,2.0,5.0,3.0,2.0,19.0,11.0,,3.0,4.0,2.0
Haringey,2008,E09000014,243.0,188.0,55.0,23.0,13.0,6.0,3.0,,31.0,6.0,7.0,2.0,2.0,1.0,1.0,19.0,10.0,,2.0,4.0,1.0
Haringey,2009,E09000014,248.0,188.0,60.0,28.0,15.0,10.0,2.0,,32.0,6.0,8.0,3.0,3.0,1.0,,18.0,8.0,,2.0,5.0,3.0
Haringey,2010,E09000014,251.0,184.0,66.0,32.0,15.0,11.0,6.0,,34.0,8.0,7.0,2.0,2.0,2.0,,18.0,9.0,,1.0,5.0,2.0
Haringey,2011,E09000014,254.0,183.0,71.0,36.0,14.0,17.0,4.0,,36.0,8.0,10.0,5.0,,2.0,2.0,18.0,10.0,1.0,,6.0,2.0
Haringey,2012,E09000014,258.0,195.0,62.0,37.0,16.0,15.0,5.0,1.0,25.0,8.0,3.0,,,1.0,,14.0,4.0,1.0,4.0,2.0,2.0
Haringey,2013,E09000014,260.0,197.0,62.0,35.0,19.0,9.0,6.0,,28.0,9.0,4.0,1.0,3.0,,,14.0,6.0,1.0,1.0,5.0,1.0
Haringey,2014,E09000014,263.0,191.0,72.0,49.0,22.0,11.0,14.0,2.0,23.0,6.0,6.0,1.0,,2.0,2.0,11.0,6.0,,1.0,3.0,2.0
Haringey,2015,E09000014,270.0,204.0,67.0,43.0,18.0,12.0,13.0,1.0,24.0,4.0,5.0,,2.0,1.0,1.0,14.0,7.0,,2.0,3.0,2.0
Haringey,2016,E09000014,275.0,201.0,74.0,45.0,19.0,17.0,9.0,,28.0,7.0,6.0,3.0,1.0,1.0,,16.0,7.0,,2.0,5.0,1.0
Haringey,2017,E09000014,278.0,199.0,79.0,54.0,26.0,19.0,9.0,,26.0,6.0,5.0,,2.0,2.0,,15.0,6.0,,3.0,4.0,1.0
Haringey,2018,E09000014,276.0,199.0,77.0,54.0,31.0,19.0,3.0,2.0,23.0,5.0,7.0,1.0,2.0,3.0,,12.0,3.0,,2.0,4.0,2.0
Harrow,2004,E09000015,215.0,175.0,40.0,13.0,11.0,2.0,,,27.0,3.0,12.0,1.0,1.0,8.0,,10.0,5.0,,3.0,1.0,1.0
Harrow,2005,E09000015,219.0,185.0,34.0,11.0,10.0,1.0,,,23.0,1.0,11.0,,1.0,10.0,,11.0,6.0,,3.0,1.0,1.0
Harrow,2006,E09000015,222.0,182.0,40.0,13.0,12.0,1.0,,,27.0,2.0,15.0,2.0,1.0,12.0,,9.0,6.0,,2.0,,
Harrow,2007,E09000015,225.0,190.0,34.0,10.0,6.0,2.0,2.0,,25.0,,15.0,1.0,,12.0,1.0,9.0,6.0,,1.0,1.0,1.0
Harrow,2008,E09000015,228.0,180.0,47.0,20.0,10.0,6.0,3.0,,28.0,,15.0,2.0,,10.0,3.0,12.0,9.0,,2.0,,1.0
Harrow,2009,E09000015,231.0,180.0,51.0,26.0,12.0,6.0,6.0,,26.0,1.0,14.0,2.0,2.0,9.0,2.0,10.0,7.0,,2.0,,
Harrow,2010,E09000015,235.0,184.0,51.0,23.0,15.0,4.0,4.0,,28.0,,20.0,,3.0,17.0,1.0,7.0,3.0,2.0,1.0,,
Harrow,2011,E09000015,238.0,179.0,59.0,28.0,15.0,8.0,4.0,,32.0,,23.0,1.0,1.0,20.0,1.0,8.0,5.0,2.0,1.0,,
Harrow,2012,E09000015,240.0,181.0,59.0,27.0,13.0,5.0,9.0,,32.0,2.0,23.0,3.0,1.0,17.0,1.0,7.0,4.0,1.0,1.0,,
Harrow,2013,E09000015,243.0,176.0,67.0,30.0,10.0,4.0,15.0,,37.0,2.0,25.0,5.0,1.0,16.0,4.0,9.0,5.0,1.0,2.0,1.0,
Harrow,2014,E09000015,245.0,175.0,70.0,32.0,12.0,8.0,12.0,,38.0,2.0,30.0,7.0,1.0,21.0,1.0,6.0,4.0,,1.0,1.0,
Harrow,2015,E09000015,246.0,183.0,63.0,37.0,15.0,11.0,10.0,1.0,27.0,,21.0,5.0,,15.0,,5.0,3.0,,,1.0,
Harrow,2016,E09000015,250.0,172.0,78.0,48.0,20.0,10.0,18.0,,30.0,1.0,19.0,2.0,,16.0,,9.0,5.0,,2.0,1.0,
Harrow,2017,E09000015,252.0,186.0,67.0,48.0,15.0,8.0,24.0,1.0,19.0,1.0,12.0,2.0,,9.0,,5.0,3.0,,1.0,1.0,
Harrow,2018,E09000015,249.0,185.0,64.0,44.0,15.0,9.0,21.0,,20.0,,17.0,3.0,1.0,12.0,1.0,3.0,,,,2.0,
Havering,2004,E09000016,224.0,217.0,7.0,2.0,2.0,,,,6.0,,2.0,,1.0,,1.0,4.0,3.0,,,,
Havering,2005,E09000016,225.0,219.0,7.0,2.0,2.0,,,,5.0,1.0,1.0,,,1.0,,2.0,1.0,,,1.0,
Havering,2006,E09000016,227.0,215.0,11.0,6.0,4.0,1.0,,,5.0,1.0,,,,,,4.0,3.0,,,1.0,
Havering,2007,E09000016,228.0,217.0,11.0,3.0,3.0,,,,8.0,1.0,2.0,,,1.0,,5.0,4.0,,,,
Havering,2008,E09000016,230.0,219.0,11.0,3.0,3.0,,,,9.0,2.0,1.0,,,1.0,,6.0,5.0,,,,
Havering,2009,E09000016,233.0,224.0,9.0,2.0,2.0,,,,7.0,1.0,3.0,,,2.0,,4.0,3.0,,,,
Havering,2010,E09000016,235.0,225.0,10.0,4.0,2.0,,1.0,,6.0,,3.0,,,1.0,1.0,3.0,2.0,,,1.0,
Havering,2011,E09000016,236.0,222.0,14.0,7.0,3.0,1.0,3.0,,8.0,,4.0,,,2.0,1.0,4.0,4.0,,,,
Havering,2012,E09000016,238.0,220.0,18.0,8.0,4.0,1.0,2.0,,10.0,,4.0,,,3.0,,6.0,4.0,,1.0,1.0,
Havering,2013,E09000016,240.0,222.0,18.0,9.0,3.0,2.0,3.0,,9.0,1.0,5.0,,,4.0,,3.0,1.0,,,1.0,
Havering,2014,E09000016,241.0,221.0,20.0,12.0,6.0,4.0,3.0,,8.0,,4.0,,,3.0,1.0,3.0,1.0,,1.0,,
Havering,2015,E09000016,248.0,230.0,18.0,8.0,2.0,5.0,2.0,,9.0,,3.0,,,2.0,1.0,6.0,3.0,,2.0,,
Havering,2016,E09000016,250.0,229.0,21.0,15.0,5.0,5.0,5.0,,6.0,1.0,3.0,,,,1.0,2.0,2.0,,,,
Havering,2017,E09000016,253.0,229.0,23.0,16.0,7.0,4.0,4.0,,8.0,2.0,2.0,,,,1.0,4.0,3.0,,,,
Havering,2018,E09000016,258.0,237.0,20.0,11.0,4.0,3.0,4.0,,10.0,1.0,4.0,,,2.0,2.0,5.0,3.0,,,2.0,
Hillingdon,2004,E09000017,246.0,210.0,36.0,13.0,10.0,3.0,,,23.0,2.0,8.0,,,7.0,,12.0,8.0,2.0,2.0,,
Hillingdon,2005,E09000017,249.0,209.0,40.0,13.0,12.0,1.0,,,27.0,2.0,12.0,3.0,,9.0,,12.0,6.0,1.0,4.0,,1.0
Hillingdon,2006,E09000017,252.0,218.0,34.0,13.0,12.0,1.0,,,21.0,,11.0,2.0,,8.0,,9.0,4.0,,1.0,2.0,1.0
Hillingdon,2007,E09000017,255.0,220.0,35.0,14.0,8.0,5.0,1.0,,20.0,,15.0,5.0,1.0,9.0,,5.0,2.0,,,,1.0
Hillingdon,2008,E09000017,259.0,220.0,38.0,16.0,10.0,5.0,1.0,,23.0,,16.0,3.0,1.0,10.0,1.0,7.0,4.0,,,1.0,
Hillingdon,2009,E09000017,263.0,220.0,44.0,19.0,10.0,9.0,,,25.0,,16.0,3.0,1.0,11.0,1.0,7.0,4.0,,3.0,,
Hillingdon,2010,E09000017,267.0,221.0,46.0,19.0,11.0,7.0,,,26.0,1.0,17.0,,,15.0,,8.0,6.0,,1.0,,
Hillingdon,2011,E09000017,273.0,227.0,46.0,25.0,13.0,11.0,2.0,,21.0,,16.0,2.0,,15.0,,5.0,3.0,,,,1.0
Hillingdon,2012,E09000017,279.0,218.0,59.0,25.0,10.0,8.0,6.0,,35.0,,23.0,1.0,,21.0,1.0,11.0,5.0,3.0,1.0,,
Hillingdon,2013,E09000017,284.0,236.0,48.0,15.0,6.0,7.0,2.0,,33.0,1.0,26.0,3.0,1.0,20.0,2.0,6.0,4.0,,,1.0,
Hillingdon,2014,E09000017,290.0,232.0,58.0,30.0,14.0,12.0,4.0,,28.0,1.0,18.0,4.0,,13.0,1.0,8.0,7.0,,,,
Hillingdon,2015,E09000017,296.0,240.0,56.0,25.0,13.0,11.0,1.0,,31.0,1.0,18.0,2.0,,16.0,,12.0,8.0,3.0,,,
Hillingdon,2016,E09000017,302.0,250.0,51.0,38.0,15.0,17.0,5.0,,13.0,,10.0,,,8.0,,3.0,,1.0,,,
Hillingdon,2017,E09000017,307.0,257.0,50.0,28.0,13.0,10.0,5.0,,21.0,1.0,16.0,4.0,,11.0,,4.0,1.0,,,,1.0
Hillingdon,2018,E09000017,306.0,248.0,58.0,26.0,8.0,12.0,6.0,,33.0,2.0,27.0,4.0,1.0,21.0,1.0,4.0,2.0,,1.0,,1.0
Hounslow,2004,E09000018,218.0,182.0,36.0,9.0,8.0,2.0,,,27.0,2.0,15.0,,,14.0,1.0,10.0,7.0,1.0,1.0,,1.0
Hounslow,2005,E09000018,222.0,174.0,48.0,11.0,8.0,3.0,,,37.0,2.0,23.0,1.0,,19.0,3.0,11.0,7.0,,,2.0,2.0
Hounslow,2006,E09000018,227.0,185.0,42.0,17.0,9.0,7.0,,,25.0,1.0,16.0,,2.0,14.0,1.0,8.0,5.0,,1.0,1.0,1.0
Hounslow,2007,E09000018,232.0,177.0,55.0,22.0,11.0,9.0,1.0,,33.0,2.0,22.0,3.0,1.0,16.0,2.0,9.0,4.0,,2.0,1.0,2.0
Hounslow,2008,E09000018,237.0,182.0,55.0,25.0,16.0,9.0,,,30.0,1.0,18.0,3.0,1.0,12.0,3.0,10.0,6.0,,1.0,,2.0
Hounslow,2009,E09000018,242.0,181.0,61.0,20.0,10.0,9.0,,,41.0,1.0,30.0,1.0,,25.0,4.0,10.0,4.0,1.0,1.0,1.0,2.0
Hounslow,2010,E09000018,248.0,183.0,65.0,25.0,10.0,14.0,2.0,,40.0,1.0,30.0,4.0,,22.0,4.0,9.0,4.0,,1.0,2.0,2.0
Hounslow,2011,E09000018,254.0,190.0,63.0,28.0,13.0,13.0,2.0,,35.0,2.0,26.0,3.0,1.0,21.0,1.0,7.0,2.0,1.0,1.0,,3.0
Hounslow,2012,E09000018,258.0,183.0,74.0,36.0,15.0,18.0,3.0,,38.0,2.0,29.0,4.0,1.0,22.0,2.0,7.0,1.0,1.0,,2.0,3.0
Hounslow,2013,E09000018,262.0,183.0,79.0,36.0,13.0,22.0,1.0,,44.0,2.0,31.0,3.0,,25.0,2.0,11.0,6.0,,2.0,2.0,
Hounslow,2014,E09000018,267.0,182.0,85.0,44.0,18.0,24.0,1.0,,41.0,3.0,31.0,,3.0,27.0,1.0,7.0,2.0,,2.0,1.0,3.0
Hounslow,2015,E09000018,268.0,193.0,74.0,34.0,17.0,14.0,3.0,,40.0,1.0,30.0,2.0,,24.0,2.0,9.0,5.0,1.0,,,3.0
Hounslow,2016,E09000018,274.0,194.0,80.0,39.0,20.0,10.0,9.0,,40.0,2.0,30.0,3.0,,24.0,3.0,9.0,2.0,,,,3.0
Hounslow,2017,E09000018,278.0,187.0,91.0,44.0,26.0,14.0,4.0,,47.0,7.0,28.0,5.0,,22.0,,13.0,4.0,,2.0,,2.0
Hounslow,2018,E09000018,271.0,201.0,70.0,26.0,16.0,9.0,,,44.0,8.0,27.0,2.0,,24.0,,9.0,6.0,,2.0,,
Islington,2004,E09000019,179.0,143.0,36.0,14.0,12.0,2.0,,,23.0,5.0,6.0,2.0,2.0,2.0,1.0,12.0,6.0,,1.0,2.0,2.0
Islington,2005,E09000019,182.0,144.0,37.0,14.0,13.0,1.0,,,23.0,6.0,4.0,1.0,2.0,1.0,,14.0,6.0,1.0,1.0,4.0,3.0
Islington,2006,E09000019,183.0,139.0,44.0,17.0,15.0,1.0,,1.0,27.0,3.0,5.0,1.0,2.0,1.0,1.0,19.0,8.0,1.0,2.0,4.0,5.0
Islington,2007,E09000019,187.0,149.0,37.0,17.0,13.0,3.0,,1.0,21.0,3.0,3.0,,1.0,1.0,,15.0,5.0,1.0,3.0,4.0,2.0
Islington,2008,E09000019,190.0,146.0,44.0,19.0,18.0,1.0,,0.0,25.0,6.0,5.0,1.0,2.0,1.0,2.0,14.0,3.0,1.0,3.0,4.0,4.0
Islington,2009,E09000019,195.0,158.0,37.0,18.0,17.0,1.0,,,19.0,4.0,4.0,1.0,1.0,2.0,1.0,10.0,3.0,1.0,2.0,1.0,2.0
Islington,2010,E09000019,198.0,160.0,38.0,19.0,17.0,1.0,,,20.0,4.0,5.0,1.0,1.0,2.0,1.0,10.0,3.0,,3.0,2.0,3.0
Islington,2011,E09000019,204.0,156.0,48.0,21.0,17.0,3.0,,1.0,27.0,4.0,9.0,1.0,2.0,3.0,2.0,14.0,3.0,1.0,3.0,3.0,4.0
Islington,2012,E09000019,209.0,159.0,49.0,25.0,21.0,3.0,,1.0,24.0,3.0,7.0,,2.0,2.0,3.0,14.0,4.0,1.0,4.0,2.0,3.0
Islington,2013,E09000019,213.0,171.0,43.0,22.0,18.0,3.0,,,21.0,4.0,5.0,,4.0,1.0,,12.0,2.0,,2.0,3.0,4.0
Islington,2014,E09000019,218.0,164.0,54.0,28.0,24.0,3.0,,,26.0,4.0,8.0,1.0,3.0,2.0,1.0,14.0,2.0,1.0,2.0,4.0,5.0
Islington,2015,E09000019,224.0,167.0,57.0,31.0,26.0,4.0,1.0,,26.0,3.0,10.0,,5.0,3.0,2.0,13.0,4.0,,4.0,1.0,4.0
Islington,2016,E09000019,230.0,174.0,56.0,33.0,29.0,4.0,,,23.0,4.0,11.0,5.0,2.0,2.0,2.0,8.0,3.0,,2.0,,2.0
Islington,2017,E09000019,234.0,182.0,52.0,29.0,22.0,7.0,,,23.0,4.0,10.0,2.0,3.0,2.0,2.0,9.0,1.0,1.0,3.0,,1.0
Islington,2018,E09000019,237.0,192.0,44.0,21.0,18.0,2.0,,,22.0,3.0,7.0,2.0,3.0,2.0,,12.0,2.0,,6.0,,3.0
Kensington and Chelsea,2004,E09000020,163.0,107.0,56.0,28.0,27.0,2.0,,,28.0,4.0,8.0,3.0,,1.0,3.0,16.0,4.0,2.0,7.0,1.0,2.0
Kensington and Chelsea,2005,E09000020,166.0,110.0,56.0,25.0,23.0,,,1.0,31.0,2.0,9.0,3.0,3.0,1.0,2.0,20.0,4.0,2.0,7.0,2.0,4.0
Kensington and Chelsea,2006,E09000020,163.0,108.0,54.0,25.0,23.0,2.0,,,30.0,4.0,9.0,2.0,1.0,3.0,2.0,16.0,3.0,1.0,7.0,3.0,2.0
Kensington and Chelsea,2007,E09000020,161.0,112.0,48.0,22.0,21.0,1.0,,,26.0,4.0,6.0,2.0,1.0,1.0,2.0,16.0,4.0,,6.0,3.0,3.0
Kensington and Chelsea,2008,E09000020,161.0,103.0,57.0,24.0,23.0,1.0,,,33.0,5.0,9.0,2.0,1.0,2.0,4.0,19.0,2.0,2.0,8.0,5.0,2.0
Kensington and Chelsea,2009,E09000020,160.0,108.0,52.0,23.0,21.0,1.0,,,29.0,3.0,9.0,2.0,2.0,1.0,4.0,17.0,5.0,,6.0,4.0,1.0
Kensington and Chelsea,2010,E09000020,159.0,111.0,47.0,22.0,20.0,1.0,,,25.0,3.0,9.0,4.0,2.0,2.0,2.0,14.0,3.0,1.0,4.0,4.0,2.0
Kensington and Chelsea,2011,E09000020,156.0,103.0,53.0,27.0,25.0,2.0,,,26.0,4.0,7.0,1.0,3.0,2.0,2.0,16.0,2.0,0.0,8.0,3.0,1.0
Kensington and Chelsea,2012,E09000020,154.0,99.0,55.0,24.0,23.0,1.0,,,31.0,3.0,10.0,3.0,2.0,3.0,3.0,18.0,1.0,1.0,10.0,3.0,2.0
Kensington and Chelsea,2013,E09000020,152.0,94.0,58.0,29.0,27.0,2.0,0.0,,29.0,3.0,9.0,2.0,4.0,1.0,2.0,17.0,1.0,2.0,8.0,4.0,2.0
Kensington and Chelsea,2014,E09000020,150.0,93.0,56.0,33.0,31.0,1.0,1.0,0.0,23.0,2.0,8.0,1.0,2.0,2.0,4.0,13.0,1.0,1.0,8.0,1.0,2.0
Kensington and Chelsea,2015,E09000020,154.0,98.0,57.0,32.0,27.0,1.0,4.0,,25.0,3.0,8.0,2.0,4.0,0.0,2.0,14.0,2.0,0.0,7.0,3.0,1.0
Kensington and Chelsea,2016,E09000020,156.0,98.0,58.0,36.0,32.0,2.0,2.0,,22.0,3.0,6.0,2.0,2.0,1.0,1.0,14.0,2.0,,7.0,3.0,3.0
Kensington and Chelsea,2017,E09000020,157.0,106.0,51.0,28.0,27.0,1.0,,,23.0,3.0,5.0,2.0,1.0,,2.0,15.0,1.0,0.0,6.0,4.0,3.0
Kensington and Chelsea,2018,E09000020,154.0,100.0,55.0,27.0,26.0,1.0,,,28.0,3.0,10.0,4.0,3.0,,2.0,15.0,1.0,,11.0,2.0,
Kingston upon Thames,2004,E09000021,150.0,128.0,22.0,9.0,8.0,,,1.0,13.0,1.0,8.0,2.0,3.0,2.0,1.0,5.0,2.0,,1.0,1.0,
Kingston upon Thames,2005,E09000021,151.0,128.0,23.0,7.0,6.0,1.0,,,16.0,1.0,11.0,1.0,4.0,6.0,,4.0,2.0,,1.0,1.0,0.0
Kingston upon Thames,2006,E09000021,152.0,128.0,23.0,7.0,6.0,1.0,,,16.0,2.0,8.0,,2.0,6.0,,6.0,3.0,1.0,,1.0,1.0
Kingston upon Thames,2007,E09000021,153.0,128.0,25.0,8.0,4.0,4.0,,,17.0,2.0,11.0,1.0,4.0,4.0,2.0,4.0,3.0,,,,
Kingston upon Thames,2008,E09000021,155.0,131.0,24.0,8.0,6.0,2.0,,,15.0,1.0,9.0,3.0,3.0,3.0,1.0,5.0,4.0,,1.0,,
Kingston upon Thames,2009,E09000021,156.0,132.0,24.0,11.0,7.0,4.0,,,13.0,1.0,7.0,1.0,4.0,2.0,,5.0,3.0,,2.0,,
Kingston upon Thames,2010,E09000021,157.0,126.0,31.0,14.0,8.0,4.0,1.0,,17.0,2.0,11.0,2.0,4.0,5.0,,4.0,3.0,,1.0,1.0,
Kingston upon Thames,2011,E09000021,159.0,126.0,33.0,12.0,7.0,4.0,1.0,,21.0,2.0,14.0,3.0,4.0,6.0,0.0,5.0,2.0,1.0,1.0,1.0,1.0
Kingston upon Thames,2012,E09000021,162.0,130.0,32.0,12.0,6.0,5.0,,,20.0,2.0,11.0,1.0,5.0,4.0,1.0,8.0,4.0,,1.0,2.0,1.0
Kingston upon Thames,2013,E09000021,165.0,134.0,31.0,15.0,6.0,8.0,2.0,,16.0,2.0,9.0,,5.0,4.0,,5.0,2.0,,1.0,1.0,
Kingston upon Thames,2014,E09000021,167.0,136.0,30.0,17.0,10.0,5.0,1.0,1.0,14.0,1.0,7.0,2.0,2.0,2.0,,6.0,3.0,1.0,1.0,1.0,1.0
Kingston upon Thames,2015,E09000021,171.0,138.0,33.0,19.0,11.0,4.0,3.0,,14.0,2.0,7.0,3.0,3.0,1.0,,4.0,1.0,,1.0,1.0,1.0
Kingston upon Thames,2016,E09000021,175.0,143.0,31.0,18.0,10.0,5.0,3.0,,14.0,1.0,8.0,2.0,5.0,1.0,,4.0,1.0,1.0,,1.0,1.0
Kingston upon Thames,2017,E09000021,178.0,145.0,33.0,17.0,8.0,5.0,4.0,,16.0,1.0,10.0,2.0,4.0,3.0,1.0,5.0,1.0,1.0,1.0,,1.0
Kingston upon Thames,2018,E09000021,177.0,141.0,36.0,15.0,9.0,5.0,1.0,,21.0,3.0,12.0,2.0,4.0,3.0,2.0,7.0,1.0,3.0,1.0,,2.0
Lambeth,2004,E09000022,272.0,205.0,66.0,26.0,25.0,1.0,,,40.0,4.0,6.0,,,2.0,3.0,30.0,14.0,,,12.0,2.0
Lambeth,2005,E09000022,275.0,203.0,72.0,27.0,23.0,4.0,,,45.0,3.0,8.0,,1.0,4.0,3.0,33.0,16.0,,1.0,11.0,5.0
Lambeth,2006,E09000022,277.0,207.0,70.0,26.0,24.0,2.0,,,44.0,3.0,7.0,,,4.0,2.0,33.0,17.0,,,12.0,3.0
Lambeth,2007,E09000022,282.0,210.0,73.0,29.0,26.0,2.0,,,44.0,1.0,9.0,1.0,,3.0,5.0,34.0,15.0,2.0,1.0,11.0,4.0
Lambeth,2008,E09000022,286.0,219.0,67.0,24.0,20.0,4.0,,,43.0,1.0,9.0,1.0,3.0,2.0,3.0,33.0,19.0,1.0,1.0,8.0,4.0
Lambeth,2009,E09000022,292.0,219.0,73.0,28.0,24.0,2.0,,,45.0,2.0,6.0,2.0,,2.0,2.0,37.0,16.0,,1.0,12.0,7.0
Lambeth,2010,E09000022,295.0,227.0,68.0,33.0,22.0,6.0,4.0,,35.0,,4.0,,,,2.0,31.0,10.0,,3.0,14.0,3.0
Lambeth,2011,E09000022,302.0,229.0,72.0,39.0,31.0,5.0,2.0,,34.0,3.0,8.0,1.0,4.0,,3.0,22.0,7.0,1.0,3.0,9.0,3.0
Lambeth,2012,E09000022,308.0,217.0,91.0,52.0,35.0,13.0,3.0,,39.0,3.0,4.0,,3.0,,,31.0,9.0,6.0,6.0,8.0,2.0
Lambeth,2013,E09000022,313.0,228.0,85.0,53.0,43.0,10.0,,,32.0,,5.0,,3.0,,1.0,27.0,8.0,,4.0,5.0,9.0
Lambeth,2014,E09000022,318.0,249.0,69.0,46.0,36.0,8.0,,,23.0,,1.0,,,,,21.0,8.0,,2.0,6.0,5.0
Lambeth,2015,E09000022,320.0,251.0,69.0,40.0,34.0,6.0,,,28.0,,1.0,,,,,26.0,9.0,,4.0,8.0,4.0
Lambeth,2016,E09000022,325.0,259.0,67.0,42.0,34.0,7.0,,,24.0,,,,,,,23.0,7.0,,5.0,7.0,5.0
Lambeth,2017,E09000022,329.0,258.0,71.0,49.0,33.0,14.0,2.0,,22.0,,,,,,,21.0,7.0,,2.0,8.0,4.0
Lambeth,2018,E09000022,326.0,253.0,72.0,40.0,37.0,2.0,,,32.0,,6.0,,,4.0,,25.0,10.0,,3.0,8.0,4.0
Lewisham,2004,E09000023,250.0,206.0,44.0,16.0,11.0,4.0,,,29.0,6.0,5.0,,1.0,3.0,1.0,18.0,11.0,,,5.0,2.0
Lewisham,2005,E09000023,253.0,208.0,45.0,15.0,10.0,4.0,,1.0,30.0,4.0,7.0,1.0,1.0,3.0,1.0,20.0,10.0,1.0,,7.0,2.0
Lewisham,2006,E09000023,255.0,199.0,55.0,17.0,13.0,4.0,,,38.0,4.0,10.0,,1.0,6.0,2.0,24.0,16.0,,,8.0,
Lewisham,2007,E09000023,259.0,207.0,52.0,18.0,14.0,3.0,,,35.0,6.0,8.0,1.0,2.0,3.0,2.0,21.0,14.0,,,6.0,
Lewisham,2008,E09000023,265.0,208.0,57.0,24.0,15.0,7.0,1.0,,33.0,3.0,8.0,,3.0,4.0,1.0,22.0,17.0,,1.0,4.0,
Lewisham,2009,E09000023,269.0,217.0,52.0,21.0,12.0,8.0,,,31.0,2.0,4.0,,1.0,3.0,,24.0,15.0,,2.0,6.0,1.0
Lewisham,2010,E09000023,271.0,201.0,70.0,19.0,13.0,5.0,,,52.0,4.0,17.0,,7.0,8.0,,30.0,15.0,1.0,3.0,10.0,1.0
Lewisham,2011,E09000023,275.0,215.0,59.0,19.0,16.0,2.0,,,40.0,2.0,16.0,,5.0,7.0,3.0,23.0,9.0,2.0,3.0,8.0,
Lewisham,2012,E09000023,280.0,222.0,58.0,26.0,17.0,9.0,,,31.0,3.0,13.0,4.0,1.0,6.0,2.0,16.0,4.0,,1.0,9.0,1.0
Lewisham,2013,E09000023,284.0,229.0,55.0,28.0,17.0,6.0,4.0,,27.0,3.0,9.0,3.0,2.0,3.0,2.0,15.0,5.0,,,4.0,6.0
Lewisham,2014,E09000023,287.0,230.0,58.0,25.0,16.0,7.0,2.0,,32.0,5.0,7.0,1.0,3.0,2.0,1.0,20.0,5.0,1.0,2.0,7.0,4.0
Lewisham,2015,E09000023,295.0,233.0,62.0,28.0,18.0,8.0,2.0,,34.0,5.0,11.0,,,6.0,4.0,19.0,9.0,1.0,2.0,4.0,2.0
Lewisham,2016,E09000023,300.0,239.0,61.0,34.0,21.0,9.0,2.0,2.0,26.0,,7.0,2.0,,4.0,,19.0,6.0,3.0,,7.0,1.0
Lewisham,2017,E09000023,304.0,226.0,78.0,45.0,21.0,17.0,6.0,,33.0,1.0,14.0,,1.0,7.0,6.0,18.0,8.0,,1.0,6.0,2.0
Lewisham,2018,E09000023,305.0,235.0,70.0,41.0,20.0,10.0,10.0,,29.0,3.0,11.0,,2.0,6.0,3.0,15.0,5.0,,2.0,6.0,2.0
Merton,2004,E09000024,188.0,151.0,36.0,12.0,7.0,5.0,,1.0,24.0,,10.0,1.0,3.0,5.0,1.0,14.0,8.0,,,4.0,1.0
Merton,2005,E09000024,189.0,152.0,38.0,13.0,7.0,5.0,,,25.0,1.0,8.0,,2.0,5.0,1.0,15.0,8.0,,1.0,4.0,2.0
Merton,2006,E09000024,191.0,151.0,40.0,12.0,8.0,4.0,,,28.0,2.0,8.0,,1.0,7.0,,18.0,13.0,,1.0,1.0,2.0
Merton,2007,E09000024,193.0,153.0,40.0,13.0,8.0,4.0,,,27.0,1.0,11.0,,2.0,5.0,3.0,15.0,9.0,,1.0,2.0,3.0
Merton,2008,E09000024,195.0,154.0,40.0,18.0,9.0,8.0,1.0,,22.0,2.0,8.0,1.0,,7.0,,12.0,8.0,,1.0,,3.0
Merton,2009,E09000024,197.0,144.0,53.0,20.0,12.0,5.0,3.0,,33.0,2.0,10.0,2.0,2.0,7.0,,20.0,11.0,2.0,1.0,4.0,2.0
Merton,2010,E09000024,198.0,144.0,53.0,26.0,14.0,12.0,1.0,,27.0,1.0,10.0,1.0,1.0,8.0,,16.0,8.0,1.0,1.0,3.0,3.0
Merton,2011,E09000024,199.0,144.0,55.0,23.0,10.0,11.0,3.0,,32.0,1.0,12.0,1.0,2.0,8.0,2.0,19.0,10.0,,2.0,3.0,4.0
Merton,2012,E09000024,201.0,145.0,56.0,29.0,17.0,8.0,4.0,,27.0,1.0,12.0,1.0,4.0,7.0,1.0,14.0,7.0,1.0,1.0,2.0,2.0
Merton,2013,E09000024,202.0,152.0,50.0,27.0,12.0,11.0,4.0,,23.0,2.0,9.0,,2.0,6.0,1.0,13.0,4.0,,1.0,5.0,2.0
Merton,2014,E09000024,203.0,145.0,58.0,31.0,15.0,14.0,2.0,,27.0,,11.0,1.0,1.0,7.0,2.0,16.0,8.0,1.0,1.0,4.0,2.0
Merton,2015,E09000024,203.0,146.0,57.0,35.0,18.0,14.0,4.0,,21.0,1.0,8.0,2.0,2.0,4.0,,12.0,5.0,,1.0,4.0,1.0
Merton,2016,E09000024,207.0,152.0,55.0,34.0,19.0,10.0,4.0,1.0,20.0,1.0,12.0,2.0,6.0,4.0,,7.0,2.0,,3.0,1.0,1.0
Merton,2017,E09000024,210.0,170.0,40.0,18.0,7.0,7.0,2.0,1.0,21.0,2.0,11.0,2.0,4.0,4.0,,8.0,2.0,,2.0,2.0,3.0
Merton,2018,E09000024,208.0,162.0,46.0,24.0,15.0,4.0,5.0,,21.0,,10.0,,1.0,6.0,1.0,11.0,2.0,,2.0,5.0,2.0
Newham,2004,E09000025,253.0,194.0,59.0,15.0,8.0,7.0,,1.0,45.0,4.0,22.0,,,19.0,1.0,19.0,13.0,,,5.0,1.0
Newham,2005,E09000025,253.0,185.0,67.0,20.0,9.0,10.0,,1.0,47.0,4.0,22.0,,1.0,20.0,1.0,21.0,18.0,,,2.0,
Newham,2006,E09000025,257.0,176.0,81.0,26.0,11.0,15.0,,1.0,56.0,7.0,27.0,,2.0,22.0,2.0,22.0,16.0,,1.0,5.0,
Newham,2007,E09000025,265.0,185.0,80.0,25.0,11.0,13.0,1.0,,55.0,3.0,23.0,1.0,1.0,18.0,3.0,30.0,22.0,,1.0,5.0,1.0
Newham,2008,E09000025,275.0,187.0,88.0,30.0,9.0,16.0,5.0,,58.0,2.0,33.0,1.0,2.0,25.0,3.0,23.0,18.0,,,3.0,
Newham,2009,E09000025,285.0,177.0,108.0,37.0,7.0,21.0,9.0,,71.0,2.0,42.0,,3.0,36.0,2.0,28.0,23.0,,1.0,4.0,
Newham,2010,E09000025,298.0,202.0,94.0,34.0,8.0,17.0,9.0,,60.0,1.0,44.0,2.0,2.0,38.0,2.0,16.0,13.0,1.0,,1.0,
Newham,2011,E09000025,309.0,199.0,109.0,38.0,13.0,22.0,3.0,,71.0,,52.0,,1.0,45.0,4.0,19.0,15.0,,,3.0,
Newham,2012,E09000025,313.0,218.0,94.0,35.0,8.0,18.0,9.0,,59.0,1.0,42.0,,2.0,35.0,5.0,16.0,10.0,2.0,1.0,3.0,
Newham,2013,E09000025,320.0,214.0,105.0,44.0,10.0,22.0,11.0,,62.0,,43.0,2.0,,37.0,3.0,18.0,11.0,,,5.0,1.0
Newham,2014,E09000025,327.0,227.0,100.0,53.0,19.0,26.0,9.0,,47.0,,31.0,1.0,,26.0,3.0,16.0,9.0,,1.0,3.0,
Newham,2015,E09000025,329.0,212.0,117.0,64.0,17.0,27.0,20.0,,53.0,2.0,35.0,,3.0,27.0,4.0,16.0,12.0,,2.0,2.0,1.0
Newham,2016,E09000025,339.0,229.0,111.0,65.0,22.0,27.0,15.0,,46.0,5.0,32.0,,,25.0,4.0,10.0,8.0,,,,
Newham,2017,E09000025,346.0,216.0,130.0,79.0,39.0,26.0,13.0,,51.0,3.0,39.0,,2.0,30.0,6.0,10.0,9.0,,,,
Newham,2018,E09000025,354.0,257.0,97.0,53.0,17.0,19.0,16.0,,44.0,4.0,27.0,,,22.0,3.0,14.0,9.0,,,4.0,
Redbridge,2004,E09000026,247.0,220.0,26.0,6.0,3.0,2.0,,,21.0,2.0,12.0,,,11.0,,6.0,5.0,,,1.0,
Redbridge,2005,E09000026,250.0,216.0,33.0,10.0,7.0,3.0,,,23.0,2.0,15.0,,,14.0,1.0,6.0,6.0,,,,
Redbridge,2006,E09000026,254.0,218.0,36.0,12.0,8.0,4.0,,,24.0,,14.0,,,13.0,1.0,9.0,7.0,,,1.0,
Redbridge,2007,E09000026,258.0,211.0,48.0,14.0,7.0,4.0,3.0,,33.0,2.0,22.0,1.0,,20.0,,9.0,6.0,,1.0,2.0,
Redbridge,2008,E09000026,264.0,211.0,53.0,17.0,6.0,8.0,3.0,,36.0,1.0,22.0,,,20.0,2.0,12.0,8.0,,1.0,3.0,
Redbridge,2009,E09000026,269.0,217.0,50.0,13.0,4.0,7.0,2.0,,37.0,4.0,23.0,3.0,,18.0,1.0,10.0,5.0,,1.0,4.0,1.0
Redbridge,2010,E09000026,273.0,223.0,50.0,17.0,6.0,5.0,6.0,,33.0,2.0,19.0,1.0,,16.0,2.0,12.0,8.0,,2.0,1.0,
Redbridge,2011,E09000026,280.0,216.0,64.0,18.0,6.0,9.0,3.0,,45.0,3.0,31.0,1.0,2.0,26.0,2.0,11.0,8.0,,,2.0,1.0
Redbridge,2012,E09000026,283.0,224.0,59.0,16.0,6.0,7.0,4.0,,42.0,2.0,28.0,,2.0,25.0,,12.0,9.0,,1.0,2.0,1.0
Redbridge,2013,E09000026,287.0,233.0,54.0,18.0,6.0,5.0,6.0,,36.0,2.0,20.0,,,19.0,,14.0,10.0,1.0,2.0,1.0,1.0
Redbridge,2014,E09000026,291.0,228.0,62.0,27.0,9.0,9.0,9.0,,35.0,2.0,25.0,1.0,1.0,23.0,,8.0,4.0,,2.0,2.0,
Redbridge,2015,E09000026,296.0,238.0,58.0,29.0,14.0,6.0,9.0,,29.0,1.0,22.0,,,22.0,,5.0,3.0,,1.0,1.0,
Redbridge,2016,E09000026,302.0,230.0,71.0,39.0,17.0,8.0,14.0,,32.0,1.0,24.0,1.0,,22.0,1.0,7.0,3.0,,,2.0,
Redbridge,2017,E09000026,307.0,221.0,85.0,45.0,18.0,8.0,19.0,,40.0,4.0,30.0,,,28.0,1.0,7.0,4.0,,,1.0,1.0
Redbridge,2018,E09000026,307.0,222.0,85.0,54.0,19.0,13.0,21.0,1.0,31.0,4.0,23.0,,,22.0,,4.0,2.0,,,,1.0
Richmond upon Thames,2004,E09000027,177.0,156.0,22.0,10.0,9.0,1.0,,,11.0,,2.0,,,1.0,,9.0,2.0,,2.0,2.0,3.0
Richmond upon Thames,2005,E09000027,180.0,157.0,22.0,10.0,9.0,1.0,,,12.0,,2.0,1.0,1.0,0.0,1.0,9.0,3.0,,2.0,2.0,3.0
Richmond upon Thames,2006,E09000027,181.0,161.0,20.0,6.0,5.0,1.0,,,13.0,2.0,3.0,1.0,,2.0,,9.0,3.0,,3.0,1.0,2.0
Richmond upon Thames,2007,E09000027,181.0,152.0,28.0,15.0,11.0,4.0,,,13.0,1.0,4.0,2.0,,1.0,,9.0,3.0,,3.0,1.0,2.0
Richmond upon Thames,2008,E09000027,181.0,154.0,27.0,15.0,12.0,2.0,1.0,1.0,12.0,1.0,3.0,2.0,,1.0,,8.0,2.0,,3.0,,2.0
Richmond upon Thames,2009,E09000027,183.0,154.0,29.0,14.0,8.0,3.0,1.0,1.0,15.0,1.0,4.0,2.0,,1.0,1.0,10.0,2.0,,2.0,2.0,4.0
Richmond upon Thames,2010,E09000027,185.0,158.0,27.0,13.0,9.0,3.0,1.0,,14.0,2.0,3.0,1.0,1.0,,1.0,9.0,3.0,2.0,1.0,1.0,2.0
Richmond upon Thames,2011,E09000027,186.0,157.0,29.0,14.0,10.0,3.0,1.0,,15.0,3.0,3.0,2.0,,,,9.0,2.0,,3.0,1.0,3.0
Richmond upon Thames,2012,E09000027,187.0,158.0,29.0,16.0,12.0,4.0,,,13.0,1.0,4.0,1.0,2.0,1.0,,8.0,,,2.0,1.0,4.0
Richmond upon Thames,2013,E09000027,188.0,160.0,29.0,18.0,14.0,4.0,,,10.0,2.0,3.0,2.0,1.0,,,6.0,1.0,,2.0,1.0,2.0
Richmond upon Thames,2014,E09000027,190.0,157.0,33.0,17.0,11.0,5.0,1.0,,16.0,2.0,3.0,1.0,,2.0,1.0,10.0,2.0,,3.0,2.0,3.0
Richmond upon Thames,2015,E09000027,194.0,165.0,29.0,17.0,10.0,5.0,1.0,,12.0,3.0,2.0,,,1.0,1.0,7.0,,,3.0,1.0,3.0
Richmond upon Thames,2016,E09000027,198.0,171.0,27.0,18.0,14.0,4.0,,,9.0,1.0,2.0,,,1.0,,6.0,,,2.0,,4.0
Richmond upon Thames,2017,E09000027,201.0,172.0,29.0,18.0,14.0,3.0,1.0,,11.0,2.0,5.0,2.0,1.0,,2.0,4.0,,,1.0,,1.0
Richmond upon Thames,2018,E09000027,197.0,162.0,34.0,19.0,15.0,3.0,1.0,,15.0,1.0,3.0,1.0,,1.0,,11.0,2.0,,2.0,3.0,3.0
Southwark,2004,E09000028,255.0,198.0,57.0,20.0,18.0,1.0,,1.0,37.0,2.0,8.0,2.0,2.0,2.0,3.0,26.0,16.0,,1.0,6.0,3.0
Southwark,2005,E09000028,260.0,194.0,66.0,23.0,20.0,2.0,,1.0,42.0,4.0,13.0,2.0,3.0,5.0,4.0,24.0,13.0,,3.0,5.0,2.0
Southwark,2006,E09000028,266.0,201.0,65.0,19.0,16.0,3.0,,,46.0,4.0,12.0,4.0,3.0,3.0,3.0,31.0,17.0,1.0,2.0,8.0,2.0
Southwark,2007,E09000028,271.0,209.0,62.0,18.0,14.0,3.0,,,44.0,3.0,12.0,1.0,1.0,5.0,4.0,29.0,17.0,,,8.0,3.0
Southwark,2008,E09000028,275.0,208.0,66.0,21.0,15.0,4.0,1.0,,45.0,3.0,9.0,1.0,2.0,2.0,4.0,32.0,17.0,1.0,2.0,10.0,2.0
Southwark,2009,E09000028,279.0,213.0,65.0,25.0,19.0,5.0,,,40.0,4.0,8.0,,2.0,4.0,2.0,28.0,12.0,1.0,2.0,9.0,3.0
Southwark,2010,E09000028,282.0,212.0,70.0,28.0,22.0,3.0,2.0,,42.0,3.0,9.0,,4.0,3.0,2.0,30.0,15.0,3.0,1.0,7.0,3.0
Southwark,2011,E09000028,287.0,211.0,75.0,22.0,15.0,4.0,1.0,1.0,53.0,,17.0,2.0,10.0,4.0,,35.0,21.0,2.0,3.0,8.0,2.0
Southwark,2012,E09000028,291.0,226.0,65.0,27.0,20.0,5.0,1.0,,37.0,2.0,10.0,,3.0,5.0,2.0,25.0,13.0,,3.0,6.0,3.0
Southwark,2013,E09000028,295.0,230.0,64.0,29.0,19.0,6.0,3.0,1.0,35.0,3.0,6.0,,2.0,2.0,1.0,26.0,16.0,1.0,,6.0,3.0
Southwark,2014,E09000028,299.0,231.0,68.0,27.0,21.0,6.0,,,41.0,3.0,8.0,,3.0,1.0,4.0,30.0,16.0,2.0,3.0,7.0,2.0
Southwark,2015,E09000028,305.0,231.0,74.0,31.0,22.0,7.0,1.0,,43.0,4.0,7.0,,3.0,,3.0,32.0,16.0,1.0,5.0,9.0,1.0
Southwark,2016,E09000028,312.0,244.0,69.0,33.0,26.0,5.0,,,36.0,2.0,10.0,,3.0,3.0,3.0,24.0,13.0,,2.0,7.0,2.0
Southwark,2017,E09000028,317.0,228.0,89.0,50.0,35.0,6.0,8.0,,39.0,,10.0,,3.0,1.0,5.0,28.0,17.0,,5.0,4.0,2.0
Southwark,2018,E09000028,317.0,230.0,88.0,47.0,40.0,5.0,3.0,,41.0,2.0,9.0,,,4.0,4.0,30.0,16.0,,4.0,5.0,5.0
Sutton,2004,E09000029,180.0,166.0,14.0,5.0,5.0,,,,8.0,,3.0,,,1.0,1.0,6.0,3.0,,1.0,1.0,1.0
Sutton,2005,E09000029,180.0,163.0,18.0,8.0,7.0,1.0,,,10.0,1.0,4.0,,,3.0,1.0,5.0,3.0,,1.0,,
Sutton,2006,E09000029,181.0,166.0,16.0,7.0,6.0,,,,9.0,,3.0,,,3.0,,5.0,3.0,,,1.0,
Sutton,2007,E09000029,183.0,164.0,19.0,8.0,4.0,3.0,1.0,,10.0,,5.0,1.0,,3.0,,5.0,2.0,,,2.0,
Sutton,2008,E09000029,184.0,173.0,12.0,7.0,4.0,2.0,,,5.0,,3.0,,,2.0,,2.0,1.0,,,,
Sutton,2009,E09000029,187.0,167.0,20.0,8.0,6.0,1.0,1.0,,12.0,2.0,6.0,1.0,,4.0,1.0,4.0,2.0,,,,2.0
Sutton,2010,E09000029,188.0,167.0,21.0,8.0,4.0,3.0,,,13.0,1.0,7.0,,1.0,5.0,1.0,5.0,3.0,1.0,,,1.0
Sutton,2011,E09000029,190.0,162.0,27.0,10.0,6.0,3.0,1.0,,17.0,1.0,7.0,,1.0,3.0,2.0,9.0,4.0,,,3.0,2.0
Sutton,2012,E09000029,192.0,168.0,24.0,7.0,5.0,2.0,,,17.0,1.0,8.0,,,5.0,3.0,8.0,5.0,,,1.0,1.0
Sutton,2013,E09000029,194.0,170.0,24.0,10.0,5.0,4.0,1.0,,14.0,,10.0,1.0,,5.0,4.0,5.0,3.0,,,,
Sutton,2014,E09000029,196.0,170.0,25.0,9.0,4.0,4.0,2.0,,16.0,1.0,9.0,1.0,2.0,4.0,2.0,6.0,4.0,,,,1.0
Sutton,2015,E09000029,199.0,172.0,26.0,13.0,5.0,6.0,1.0,,14.0,,8.0,1.0,,6.0,,6.0,2.0,,,,2.0
Sutton,2016,E09000029,202.0,171.0,31.0,15.0,6.0,7.0,2.0,,16.0,1.0,7.0,2.0,,5.0,,7.0,5.0,,,,2.0
Sutton,2017,E09000029,204.0,176.0,28.0,13.0,5.0,7.0,1.0,,14.0,2.0,8.0,1.0,,6.0,,4.0,3.0,,,,
Sutton,2018,E09000029,204.0,171.0,33.0,20.0,6.0,5.0,9.0,,14.0,2.0,9.0,2.0,2.0,4.0,,3.0,2.0,,,1.0,
Tower Hamlets,2004,E09000030,210.0,169.0,41.0,12.0,8.0,3.0,,,29.0,3.0,16.0,,6.0,9.0,1.0,10.0,5.0,,1.0,2.0,2.0
Tower Hamlets,2005,E09000030,212.0,163.0,49.0,16.0,11.0,5.0,,,33.0,1.0,18.0,,4.0,12.0,1.0,14.0,5.0,1.0,2.0,3.0,3.0
Tower Hamlets,2006,E09000030,216.0,164.0,52.0,13.0,8.0,6.0,,,39.0,3.0,24.0,2.0,4.0,16.0,2.0,12.0,6.0,,2.0,1.0,3.0
Tower Hamlets,2007,E09000030,224.0,161.0,62.0,19.0,13.0,5.0,1.0,,43.0,,28.0,4.0,4.0,18.0,1.0,15.0,3.0,1.0,2.0,5.0,4.0
Tower Hamlets,2008,E09000030,231.0,181.0,49.0,16.0,10.0,5.0,,1.0,33.0,1.0,21.0,2.0,5.0,13.0,2.0,11.0,3.0,1.0,2.0,2.0,2.0
Tower Hamlets,2009,E09000030,239.0,195.0,45.0,15.0,11.0,4.0,,,30.0,,18.0,2.0,3.0,13.0,,12.0,3.0,2.0,2.0,3.0,2.0
Tower Hamlets,2010,E09000030,247.0,188.0,58.0,18.0,14.0,2.0,,,41.0,2.0,29.0,,4.0,21.0,3.0,10.0,4.0,1.0,2.0,1.0,2.0
Tower Hamlets,2011,E09000030,255.0,187.0,67.0,23.0,13.0,9.0,,1.0,44.0,3.0,31.0,,5.0,23.0,2.0,10.0,2.0,2.0,3.0,1.0,1.0
Tower Hamlets,2012,E09000030,262.0,187.0,74.0,25.0,19.0,6.0,,,49.0,5.0,33.0,,9.0,22.0,1.0,11.0,2.0,,3.0,4.0,2.0
Tower Hamlets,2013,E09000030,269.0,203.0,66.0,28.0,20.0,8.0,,,37.0,3.0,18.0,1.0,4.0,12.0,1.0,16.0,3.0,1.0,1.0,6.0,5.0
Tower Hamlets,2014,E09000030,276.0,216.0,60.0,31.0,21.0,8.0,,1.0,29.0,3.0,15.0,1.0,3.0,11.0,,11.0,2.0,2.0,1.0,2.0,4.0
Tower Hamlets,2015,E09000030,293.0,231.0,62.0,28.0,20.0,7.0,1.0,,34.0,2.0,20.0,,6.0,14.0,,12.0,2.0,,2.0,3.0,3.0
Tower Hamlets,2016,E09000030,302.0,229.0,74.0,40.0,31.0,7.0,2.0,,34.0,1.0,18.0,,4.0,10.0,4.0,14.0,2.0,2.0,1.0,2.0,7.0
Tower Hamlets,2017,E09000030,311.0,216.0,94.0,45.0,39.0,5.0,,,49.0,3.0,30.0,,9.0,17.0,4.0,16.0,3.0,,2.0,2.0,8.0
Tower Hamlets,2018,E09000030,314.0,222.0,92.0,53.0,40.0,8.0,5.0,,38.0,3.0,28.0,,5.0,20.0,2.0,8.0,4.0,,,,2.0
Waltham Forest,2004,E09000031,223.0,189.0,34.0,9.0,6.0,3.0,,,25.0,5.0,7.0,,1.0,5.0,1.0,13.0,8.0,1.0,,4.0,
Waltham Forest,2005,E09000031,225.0,182.0,43.0,8.0,5.0,3.0,,,35.0,10.0,11.0,,,6.0,4.0,15.0,10.0,1.0,,4.0,
Waltham Forest,2006,E09000031,229.0,192.0,37.0,13.0,6.0,7.0,,,24.0,5.0,8.0,,1.0,7.0,,10.0,5.0,,,3.0,2.0
Waltham Forest,2007,E09000031,234.0,193.0,41.0,16.0,6.0,9.0,2.0,,25.0,4.0,8.0,,,7.0,1.0,13.0,8.0,,,4.0,
Waltham Forest,2008,E09000031,240.0,201.0,39.0,18.0,5.0,11.0,1.0,,21.0,1.0,8.0,,,7.0,,13.0,7.0,1.0,,4.0,
Waltham Forest,2009,E09000031,247.0,203.0,43.0,28.0,9.0,13.0,6.0,,15.0,4.0,3.0,,,2.0,,7.0,5.0,,,2.0,
Waltham Forest,2010,E09000031,252.0,193.0,58.0,28.0,10.0,11.0,7.0,,30.0,4.0,12.0,1.0,1.0,8.0,2.0,14.0,9.0,1.0,1.0,3.0,
Waltham Forest,2011,E09000031,258.0,191.0,66.0,37.0,8.0,18.0,11.0,,29.0,7.0,10.0,,,8.0,1.0,12.0,6.0,1.0,,3.0,1.0
Waltham Forest,2012,E09000031,261.0,195.0,66.0,37.0,8.0,13.0,15.0,,29.0,5.0,12.0,,,10.0,1.0,12.0,6.0,1.0,,5.0,
Waltham Forest,2013,E09000031,265.0,192.0,73.0,39.0,13.0,17.0,8.0,,34.0,5.0,14.0,,,13.0,,15.0,8.0,,,7.0,
Waltham Forest,2014,E09000031,269.0,202.0,64.0,41.0,18.0,13.0,10.0,,24.0,5.0,7.0,,,6.0,,11.0,4.0,1.0,,4.0,2.0
Waltham Forest,2015,E09000031,269.0,210.0,59.0,37.0,9.0,19.0,9.0,,22.0,6.0,4.0,,2.0,2.0,,12.0,3.0,,2.0,4.0,3.0
Waltham Forest,2016,E09000031,274.0,203.0,71.0,51.0,10.0,23.0,17.0,,20.0,2.0,5.0,,,5.0,,12.0,9.0,,,,
Waltham Forest,2017,E09000031,277.0,211.0,66.0,39.0,10.0,14.0,15.0,,27.0,3.0,10.0,5.0,,3.0,2.0,14.0,6.0,2.0,,4.0,2.0
Waltham Forest,2018,E09000031,278.0,225.0,53.0,27.0,9.0,11.0,6.0,,26.0,4.0,5.0,,,4.0,,16.0,9.0,,,4.0,2.0
Wandsworth,2004,E09000032,276.0,218.0,58.0,20.0,17.0,3.0,,,37.0,3.0,14.0,1.0,1.0,10.0,2.0,20.0,9.0,1.0,3.0,4.0,3.0
Wandsworth,2005,E09000032,280.0,218.0,62.0,20.0,20.0,,,,41.0,3.0,9.0,,,6.0,2.0,29.0,13.0,,,5.0,10.0
Wandsworth,2006,E09000032,284.0,218.0,66.0,22.0,17.0,5.0,,,44.0,3.0,10.0,,1.0,5.0,4.0,30.0,12.0,,3.0,3.0,13.0
Wandsworth,2007,E09000032,288.0,215.0,73.0,29.0,21.0,6.0,,1.0,44.0,5.0,8.0,,,5.0,2.0,31.0,8.0,,3.0,5.0,15.0
Wandsworth,2008,E09000032,291.0,222.0,69.0,32.0,18.0,13.0,,,37.0,3.0,6.0,,1.0,4.0,1.0,28.0,9.0,,5.0,7.0,7.0
Wandsworth,2009,E09000032,296.0,227.0,69.0,28.0,21.0,6.0,,,41.0,5.0,7.0,,,3.0,3.0,28.0,6.0,,6.0,8.0,8.0
Wandsworth,2010,E09000032,299.0,217.0,81.0,39.0,24.0,11.0,3.0,,43.0,,10.0,,2.0,7.0,,32.0,13.0,,3.0,5.0,10.0
Wandsworth,2011,E09000032,304.0,212.0,92.0,46.0,30.0,14.0,2.0,,46.0,3.0,14.0,3.0,3.0,5.0,3.0,29.0,13.0,,6.0,2.0,7.0
Wandsworth,2012,E09000032,305.0,235.0,70.0,31.0,21.0,8.0,1.0,,38.0,4.0,8.0,3.0,,2.0,,27.0,10.0,,7.0,2.0,7.0
Wandsworth,2013,E09000032,307.0,251.0,54.0,25.0,20.0,4.0,,,29.0,3.0,5.0,2.0,2.0,1.0,,21.0,7.0,,3.0,5.0,5.0
Wandsworth,2014,E09000032,308.0,234.0,72.0,38.0,28.0,9.0,,,35.0,2.0,10.0,2.0,,6.0,,23.0,11.0,,1.0,3.0,8.0
Wandsworth,2015,E09000032,311.0,241.0,69.0,40.0,29.0,10.0,,,29.0,2.0,11.0,3.0,1.0,5.0,2.0,16.0,7.0,,2.0,3.0,4.0
Wandsworth,2016,E09000032,317.0,239.0,77.0,48.0,36.0,10.0,,,29.0,3.0,7.0,2.0,,4.0,,19.0,5.0,2.0,4.0,4.0,4.0
Wandsworth,2017,E09000032,320.0,244.0,77.0,55.0,44.0,10.0,,,22.0,6.0,5.0,,1.0,3.0,,12.0,2.0,,,4.0,5.0
Wandsworth,2018,E09000032,323.0,259.0,63.0,39.0,27.0,7.0,4.0,,25.0,3.0,8.0,,,6.0,,13.0,4.0,,4.0,2.0,4.0
Westminster,2004,E09000033,217.0,137.0,79.0,28.0,25.0,3.0,,,51.0,6.0,19.0,7.0,2.0,5.0,5.0,26.0,4.0,3.0,6.0,4.0,8.0
Westminster,2005,E09000033,225.0,140.0,85.0,31.0,28.0,3.0,,,54.0,5.0,20.0,10.0,5.0,3.0,3.0,28.0,8.0,2.0,9.0,3.0,7.0
Westminster,2006,E09000033,225.0,143.0,82.0,30.0,28.0,2.0,,,52.0,6.0,19.0,5.0,4.0,6.0,4.0,28.0,7.0,5.0,6.0,4.0,6.0
Westminster,2007,E09000033,224.0,140.0,83.0,31.0,26.0,3.0,,1.0,53.0,4.0,20.0,4.0,3.0,7.0,5.0,28.0,5.0,2.0,8.0,3.0,10.0
Westminster,2008,E09000033,222.0,145.0,77.0,29.0,23.0,3.0,1.0,1.0,48.0,4.0,22.0,5.0,8.0,3.0,5.0,22.0,2.0,3.0,8.0,2.0,6.0
Westminster,2009,E09000033,220.0,144.0,76.0,32.0,28.0,2.0,1.0,1.0,44.0,7.0,17.0,4.0,5.0,3.0,5.0,20.0,,3.0,9.0,5.0,4.0
Westminster,2010,E09000033,221.0,145.0,74.0,33.0,31.0,,1.0,,42.0,5.0,17.0,7.0,3.0,4.0,2.0,21.0,4.0,3.0,6.0,5.0,4.0
Westminster,2011,E09000033,223.0,141.0,82.0,28.0,26.0,,1.0,,54.0,4.0,26.0,10.0,10.0,3.0,4.0,23.0,4.0,2.0,10.0,4.0,3.0
Westminster,2012,E09000033,227.0,158.0,69.0,28.0,24.0,3.0,1.0,,41.0,3.0,22.0,6.0,9.0,3.0,3.0,16.0,3.0,2.0,6.0,3.0,3.0
Westminster,2013,E09000033,230.0,154.0,76.0,33.0,28.0,5.0,,,43.0,4.0,20.0,6.0,7.0,4.0,3.0,19.0,3.0,,8.0,3.0,5.0
Westminster,2014,E09000033,232.0,156.0,77.0,39.0,32.0,6.0,,,37.0,3.0,19.0,6.0,4.0,3.0,5.0,16.0,1.0,2.0,7.0,3.0,3.0
Westminster,2015,E09000033,243.0,166.0,76.0,36.0,30.0,4.0,,1.0,40.0,2.0,18.0,3.0,6.0,5.0,3.0,20.0,2.0,1.0,10.0,3.0,4.0
Westminster,2016,E09000033,251.0,166.0,85.0,47.0,37.0,5.0,3.0,1.0,38.0,4.0,15.0,5.0,4.0,2.0,3.0,19.0,,3.0,11.0,3.0,2.0
Westminster,2017,E09000033,255.0,162.0,92.0,54.0,44.0,5.0,4.0,1.0,38.0,6.0,15.0,2.0,6.0,3.0,4.0,17.0,2.0,1.0,11.0,1.0,1.0
Westminster,2018,E09000033,251.0,171.0,80.0,42.0,37.0,3.0,,,38.0,3.0,18.0,3.0,7.0,5.0,3.0,17.0,2.0,,8.0,4.0,3.0
