Borough,Year,Code,Numbers__Christian,Numbers__Buddhist,Numbers__Hindu,Numbers__Jewish,Numbers__Muslim,Numbers__Sikh,Numbers__Any Other Religion,Numbers__No Religion,Numbers__Total,Percentages__Christian,Percentages__Buddhist,Percentages__Hindu,Percentages__Jewish,Percentages__Muslim,Percentages__Sikh,Percentages__Any Other Religion,Percentages__No Religion
Barking and Dagenham,2004,E09000002,112100.0,,5300.0,,16300.0,2100.0,2500.0,18200.0,156300.0,71.7,,3.4,,10.4,1.3,1.6,11.6
Barking and Dagenham,2005,E09000002,120100.0,,3400.0,,12300.0,2300.0,2500.0,24800.0,165400.0,72.6,,2.0,,7.4,1.4,1.5,15.0
Barking and Dagenham,2006,E09000002,109800.0,,3300.0,,18600.0,3500.0,2500.0,28300.0,166100.0,66.1,,2.0,,11.2,2.1,1.5,17.1
Barking and Dagenham,2007,E09000002,116700.0,,6700.0,,16100.0,,3900.0,24500.0,167900.0,69.5,,4.0,,9.6,,2.3,14.6
Barking and Dagenham,2008,E09000002,115700.0,,3300.0,,17600.0,,3500.0,31100.0,171100.0,67.6,,1.9,,10.3,,2.0,18.2
Barking and Dagenham,2009,E09000002,112900.0,,3200.0,,26500.0,,3900.0,29700.0,176300.0,64.1,,1.8,,15.0,,2.2,16.9
Barking and Dagenham,2010,E09000002,117200.0,,,,25400.0,3900.0,5500.0,29700.0,181700.0,64.5,,,,14.0,2.1,3.0,16.4
Barking and Dagenham,2011,E09000002,117900.0,,1900.0,,23100.0,,6000.0,35400.0,184300.0,64.0,,1.0,,12.5,,3.3,19.2
Barking and Dagenham,2012,E09000002,115200.0,,2200.0,,27700.0,3800.0,1900.0,37600.0,189400.0,60.8,,1.1,,14.6,2.0,1.0,19.8
Barking and Dagenham,2013,E09000002,120000.0,,3600.0,,30400.0,2200.0,,33200.0,192900.0,62.2,,1.9,,15.8,1.1,,17.2
Barking and Dagenham,2014,E09000002,112500.0,,4700.0,,34100.0,4900.0,4400.0,32700.0,195100.0,57.7,,2.4,,17.5,2.5,2.3,16.7
Barking and Dagenham,2015,E09000002,118100.0,,4200.0,,39100.0,5200.0,3700.0,29100.0,201500.0,58.6,,2.1,,19.4,2.6,1.8,14.4
Barking and Dagenham,2016,E09000002,122300.0,,6600.0,,44000.0,3400.0,3800.0,26700.0,206900.0,59.1,,3.2,,21.3,1.7,1.8,12.9
Barking and Dagenham,2017,E09000002,112600.0,,5600.0,,47300.0,3800.0,4400.0,35100.0,208800.0,53.9,,2.7,,22.7,1.8,2.1,16.8
Barking and Dagenham,2018,E09000002,115800.0,,6600.0,,54400.0,3200.0,,33300.0,214900.0,53.9,,3.0,,25.3,1.5,,15.5
Barnet,2004,E09000003,157600.0,3900.0,27200.0,50900.0,14200.0,3700.0,8600.0,35800.0,302000.0,52.2,1.3,9.0,16.9,4.7,1.2,2.9,11.9
Barnet,2005,E09000003,166500.0,,21700.0,56000.0,26500.0,,11900.0,34600.0,317200.0,52.5,,6.8,17.7,8.4,,3.8,10.9
Barnet,2006,E09000003,166400.0,,19300.0,50300.0,30900.0,,8100.0,44500.0,319500.0,52.1,,6.0,15.7,9.7,,2.5,13.9
Barnet,2007,E09000003,178100.0,,24000.0,54000.0,22200.0,,8800.0,36300.0,323400.0,55.1,,7.4,16.7,6.9,,2.7,11.2
Barnet,2008,E09000003,159400.0,,21000.0,61900.0,32300.0,,9300.0,46400.0,330300.0,48.2,,6.4,18.7,9.8,,2.8,14.0
Barnet,2009,E09000003,166600.0,,21600.0,56900.0,40900.0,,11800.0,38700.0,336400.0,49.5,,6.4,16.9,12.1,,3.5,11.5
Barnet,2010,E09000003,186900.0,,29300.0,49000.0,25400.0,,6800.0,43800.0,341200.0,54.8,,8.6,14.4,7.5,,2.0,12.8
Barnet,2011,E09000003,145600.0,,26100.0,55800.0,30900.0,,19000.0,69500.0,346900.0,42.0,,7.5,16.1,8.9,,5.5,20.0
Barnet,2012,E09000003,135300.0,,13500.0,58200.0,50400.0,,14500.0,75000.0,351400.0,38.5,,3.8,16.6,14.3,,4.1,21.4
Barnet,2013,E09000003,171200.0,5600.0,16000.0,46300.0,37900.0,,,74800.0,355400.0,48.2,1.6,4.5,13.0,10.7,,,21.0
Barnet,2014,E09000003,174700.0,8300.0,20600.0,41600.0,45100.0,,8400.0,59000.0,359100.0,48.7,2.3,5.7,11.6,12.6,,2.4,16.4
Barnet,2015,E09000003,148500.0,,25200.0,52300.0,38600.0,,9700.0,84700.0,361900.0,41.0,,7.0,14.4,10.7,,2.7,23.4
Barnet,2016,E09000003,138000.0,7300.0,25400.0,65900.0,35900.0,,15100.0,88000.0,375700.0,36.7,2.0,6.8,17.6,9.5,,4.0,23.4
Barnet,2017,E09000003,145400.0,4200.0,18100.0,85600.0,30600.0,4700.0,12300.0,76800.0,377700.0,38.5,1.1,4.8,22.7,8.1,1.2,3.3,20.3
Barnet,2018,E09000003,152500.0,7500.0,15400.0,74500.0,46000.0,,17200.0,75600.0,388600.0,39.2,1.9,4.0,19.2,11.8,,4.4,19.4
Bexley,2004,E09000004,165400.0,,3300.0,,4000.0,3800.0,2800.0,32500.0,211800.0,78.1,,1.6,,1.9,1.8,1.3,15.4
Bexley,2005,E09000004,181600.0,,,,4000.0,4100.0,4000.0,26800.0,220400.0,82.4,,,,1.8,1.8,1.8,12.1
Bexley,2006,E09000004,174000.0,,,,4400.0,4900.0,4000.0,34800.0,222000.0,78.4,,,,2.0,2.2,1.8,15.7
Bexley,2007,E09000004,170000.0,,4100.0,,6200.0,,5800.0,36900.0,223000.0,76.2,,1.9,,2.8,,2.6,16.6
Bexley,2008,E09000004,177400.0,,2500.0,,,3600.0,7000.0,34200.0,224700.0,79.0,,1.1,,,1.6,3.1,15.2
Bexley,2009,E09000004,178300.0,,4100.0,,3100.0,,3100.0,38500.0,227000.0,78.5,,1.8,,1.4,,1.4,17.0
Bexley,2010,E09000004,164600.0,,5000.0,,4100.0,,5900.0,49900.0,229400.0,71.7,,2.2,,1.8,,2.6,21.8
Bexley,2011,E09000004,154500.0,,4300.0,,4900.0,5000.0,3700.0,57400.0,229800.0,67.2,,1.9,,2.1,2.2,1.6,25.0
Bexley,2012,E09000004,170900.0,,,,9100.0,,,49300.0,233100.0,73.3,,,,3.9,,,21.1
Bexley,2013,E09000004,171600.0,,,,9800.0,,,48300.0,235300.0,72.9,,,,4.2,,,20.5
Bexley,2014,E09000004,164000.0,,,,8800.0,,,60900.0,238300.0,68.8,,,,3.7,,,25.6
Bexley,2015,E09000004,163300.0,,4200.0,,9300.0,4800.0,,54900.0,240300.0,68.0,,1.8,,3.9,2.0,,22.9
Bexley,2016,E09000004,160500.0,,4900.0,,8000.0,4000.0,3900.0,62400.0,243600.0,65.9,,2.0,,3.3,1.7,1.6,25.6
Bexley,2017,E09000004,154000.0,,,,10400.0,5300.0,5000.0,70100.0,244700.0,62.9,,,,4.3,2.2,2.0,28.6
Bexley,2018,E09000004,148000.0,,4400.0,,11700.0,,5500.0,79200.0,248800.0,59.5,,1.8,,4.7,,2.2,31.8
Brent,2004,E09000005,129800.0,,36000.0,8500.0,39700.0,,9700.0,35500.0,259200.0,50.1,,13.9,3.3,15.3,,3.7,13.7
Brent,2005,E09000005,125700.0,,52100.0,10100.0,43900.0,,7200.0,23700.0,267700.0,46.9,1.8,19.5,3.8,16.4,,2.7,8.9
Brent,2006,E09000005,122500.0,,49800.0,5900.0,57700.0,,6000.0,26500.0,274100.0,44.7,2.1,18.2,2.2,21.0,,2.2,9.7
Brent,2007,E09000005,135900.0,,50900.0,5700.0,47200.0,,8500.0,28600.0,280500.0,48.5,1.3,18.1,2.0,16.8,,3.0,10.2
Brent,2008,E09000005,138300.0,,45900.0,6500.0,42900.0,,8400.0,39400.0,288000.0,48.0,2.3,15.9,2.3,14.9,,2.9,13.7
Brent,2009,E09000005,152700.0,,49300.0,6200.0,43000.0,,14900.0,29800.0,296000.0,51.6,,16.7,2.1,14.5,,5.0,10.1
Brent,2010,E09000005,154700.0,,46500.0,6100.0,54200.0,,13000.0,28200.0,302600.0,51.1,,15.4,2.0,17.9,,4.3,9.3
Brent,2011,E09000005,131200.0,,47000.0,6500.0,68100.0,,19900.0,36000.0,308800.0,42.5,,15.2,2.1,22.1,,6.4,11.7
Brent,2012,E09000005,131900.0,2800.0,63600.0,3500.0,60700.0,,11500.0,36500.0,310700.0,42.4,0.9,20.5,1.1,19.5,,3.7,11.8
Brent,2013,E09000005,132400.0,,61500.0,4000.0,69700.0,,12200.0,31000.0,313400.0,42.3,,19.6,1.3,22.2,,3.9,9.9
Brent,2014,E09000005,129000.0,3200.0,53400.0,5200.0,74500.0,,10600.0,38400.0,314500.0,41.0,1.0,17.0,1.7,23.7,,3.4,12.2
Brent,2015,E09000005,121200.0,,60600.0,3900.0,74600.0,,11100.0,46300.0,320000.0,37.9,,18.9,1.2,23.3,,3.5,14.5
Brent,2016,E09000005,126200.0,,48400.0,4600.0,77100.0,,15600.0,47800.0,323500.0,39.0,1.2,15.0,1.4,23.8,,4.8,14.8
Brent,2017,E09000005,134600.0,,39100.0,,101400.0,,12300.0,35700.0,326200.0,41.3,1.0,12.0,,31.1,,3.8,10.9
Brent,2018,E09000005,111100.0,,51600.0,,97600.0,,18500.0,49200.0,328100.0,33.9,,15.7,,29.7,,5.6,15.0
Bromley,2004,E09000006,232100.0,,,,4900.0,,5600.0,40400.0,282900.0,82.0,,,,1.7,,2.0,14.3
Bromley,2005,E09000006,229800.0,,3800.0,,7400.0,,4500.0,51500.0,297000.0,77.4,,1.3,,2.5,,1.5,17.3
Bromley,2006,E09000006,228100.0,,,,5800.0,,6800.0,57900.0,298500.0,76.4,,,,1.9,,2.3,19.4
Bromley,2007,E09000006,216300.0,,6200.0,,7700.0,,5700.0,62900.0,298800.0,72.4,,2.1,,2.6,,1.9,21.0
Bromley,2008,E09000006,231300.0,,4600.0,,9000.0,,4800.0,52600.0,302200.0,76.5,,1.5,,3.0,,1.6,17.4
Bromley,2009,E09000006,233000.0,,,,5800.0,,7900.0,56500.0,303200.0,76.9,,,,1.9,,2.6,18.6
Bromley,2010,E09000006,228000.0,,,,10700.0,,7900.0,59300.0,305900.0,74.5,,,,3.5,,2.6,19.4
Bromley,2011,E09000006,209000.0,,6800.0,,11800.0,,4700.0,75600.0,307900.0,67.9,,2.2,,3.8,,1.5,24.6
Bromley,2012,E09000006,184200.0,,5100.0,,11400.0,,6600.0,99000.0,310600.0,59.3,,1.7,,3.7,,2.1,31.9
Bromley,2013,E09000006,184600.0,,4400.0,,9900.0,,5200.0,106800.0,315500.0,58.5,,1.4,,3.1,,1.6,33.8
Bromley,2014,E09000006,195000.0,,6600.0,,11100.0,,3800.0,97300.0,317900.0,61.4,,2.1,,3.5,,1.2,30.6
Bromley,2015,E09000006,194700.0,,5600.0,,14100.0,,5400.0,95900.0,321900.0,60.5,,1.7,,4.4,,1.7,29.8
Bromley,2016,E09000006,187400.0,,,,15800.0,,11500.0,110000.0,324700.0,57.7,,,,4.9,,3.5,33.9
Bromley,2017,E09000006,190700.0,,6500.0,,11400.0,,14200.0,103700.0,326400.0,58.4,,2.0,,3.5,,4.3,31.8
Bromley,2018,E09000006,175400.0,,5500.0,,11100.0,,11400.0,128000.0,331500.0,52.9,,1.7,,3.4,,3.4,38.6
Camden,2004,E09000007,106800.0,2500.0,,9600.0,31300.0,,6300.0,34700.0,191100.0,55.9,1.3,,5.0,16.3,,3.3,18.2
Camden,2005,E09000007,101800.0,,4400.0,15400.0,38100.0,,6300.0,40300.0,206300.0,49.3,,2.2,7.5,18.4,,3.0,19.6
Camden,2006,E09000007,106600.0,2800.0,,11900.0,35800.0,,3600.0,45300.0,206000.0,51.8,1.4,,5.8,17.4,,1.7,22.0
Camden,2007,E09000007,105300.0,2100.0,2900.0,11300.0,29500.0,,1900.0,53400.0,206400.0,51.0,1.0,1.4,5.5,14.3,,0.9,25.9
Camden,2008,E09000007,103300.0,2300.0,,13500.0,26800.0,,4100.0,56500.0,206500.0,50.0,1.1,,6.5,13.0,,2.0,27.4
Camden,2009,E09000007,96300.0,,4300.0,15700.0,26300.0,,6000.0,60800.0,209300.0,46.0,,2.1,7.5,12.5,,2.8,29.0
Camden,2010,E09000007,102400.0,,,12700.0,26800.0,,4500.0,63600.0,210000.0,48.8,,,6.1,12.8,,2.1,30.3
Camden,2011,E09000007,82000.0,3500.0,,11200.0,35900.0,,3700.0,76000.0,212300.0,38.6,1.6,,5.3,16.9,,1.7,35.8
Camden,2012,E09000007,88600.0,2400.0,5900.0,11900.0,33000.0,,3900.0,74500.0,220100.0,40.2,1.1,2.7,5.4,15.0,,1.8,33.9
Camden,2013,E09000007,93600.0,3700.0,4500.0,8500.0,34000.0,,3800.0,76400.0,225200.0,41.5,1.6,2.0,3.8,15.1,,1.7,33.9
Camden,2014,E09000007,92300.0,5900.0,4300.0,11200.0,27700.0,,3600.0,83300.0,228300.0,40.4,2.6,1.9,4.9,12.1,,1.6,36.5
Camden,2015,E09000007,101800.0,,,10400.0,32300.0,,3700.0,85100.0,237800.0,42.8,,,4.4,13.6,,1.6,35.8
Camden,2016,E09000007,94400.0,4000.0,,13000.0,37800.0,,7200.0,86900.0,243300.0,38.8,1.7,,5.3,15.5,,2.9,35.7
Camden,2017,E09000007,94800.0,5500.0,4400.0,12200.0,35200.0,,7500.0,88700.0,248100.0,38.2,2.2,1.8,4.9,14.2,,3.0,35.7
Camden,2018,E09000007,85100.0,,5300.0,13400.0,41200.0,,13500.0,92900.0,251400.0,33.9,,2.1,5.3,16.4,,5.4,37.0
City of London,2004,E09000001,,,,,,,,,5900.0,,,,,,,,
City of London,2005,E09000001,7000.0,,,,,,,,11600.0,60.6,,,,,,,
City of London,2006,E09000001,,,,,,,,,5500.0,,,,,,,,
City of London,2007,E09000001,,,,,,,,,,,,,,,,,
City of London,2008,E09000001,5400.0,,,,,,,,7900.0,68.9,,,,,,,
City of London,2009,E09000001,,,,,,,,,,,,,,,,,
City of London,2010,E09000001,,,,,,,,,,,,,,,,,
City of London,2011,E09000001,,,,,,,,,,,,,,,,,
City of London,2012,E09000001,,,,,,,,,,,,,,,,,
City of London,2013,E09000001,,,,,,,,,,,,,,,,,
City of London,2014,E09000001,,,,,,,,,,,,,,,,,
City of London,2015,E09000001,,,,,,,,,7400.0,,,,,,,,
City of London,2016,E09000001,,,,,,,,,,,,,,,,,
City of London,2017,E09000001,,,,,,,,,14000.0,,,,,,,,
City of London,2018,E09000001,,,,,,,,,9100.0,,,,,,,,
Croydon,2004,E09000008,222600.0,,17700.0,,16600.0,,10100.0,44200.0,311200.0,71.5,,5.7,,5.3,,3.2,14.2
Croydon,2005,E09000008,231100.0,,13700.0,,22900.0,,7200.0,60900.0,335700.0,68.8,,4.1,,6.8,,2.1,18.1
Croydon,2006,E09000008,233400.0,,17500.0,,14300.0,,10000.0,62200.0,337400.0,69.2,,5.2,,4.2,,3.0,18.4
Croydon,2007,E09000008,229800.0,,15400.0,,19000.0,,17900.0,58500.0,340700.0,67.5,,4.5,,5.6,,5.3,17.2
Croydon,2008,E09000008,234200.0,,26100.0,,14000.0,,11400.0,60100.0,345800.0,67.7,,7.5,,4.1,,3.3,17.4
Croydon,2009,E09000008,222900.0,,27000.0,,12100.0,,17100.0,69800.0,348800.0,63.9,,7.7,,3.5,,4.9,20.0
Croydon,2010,E09000008,209100.0,,12200.0,,28400.0,,21400.0,83700.0,354800.0,58.9,,3.4,,8.0,,6.0,23.6
Croydon,2011,E09000008,197500.0,,22600.0,,40600.0,,9700.0,91400.0,361700.0,54.6,,6.2,,11.2,,2.7,25.3
Croydon,2012,E09000008,196900.0,,30700.0,,25400.0,,5200.0,103500.0,365100.0,53.9,,8.4,,7.0,,1.4,28.4
Croydon,2013,E09000008,214500.0,,24300.0,,32900.0,,,91900.0,368700.0,58.2,,6.6,,8.9,,,24.9
Croydon,2014,E09000008,225500.0,,17400.0,,29100.0,,,90800.0,371600.0,60.7,,4.7,,7.8,,,24.4
Croydon,2015,E09000008,221500.0,,15400.0,,43500.0,,,89600.0,375100.0,59.1,,4.1,,11.6,,,23.9
Croydon,2016,E09000008,189100.0,,26700.0,,42600.0,,16100.0,105400.0,379900.0,49.8,,7.0,,11.2,,4.2,27.7
Croydon,2017,E09000008,196600.0,,22200.0,,48500.0,,12900.0,100400.0,380600.0,51.6,,5.8,,12.7,,3.4,26.4
Croydon,2018,E09000008,189200.0,,21300.0,,33800.0,,10900.0,128900.0,384100.0,49.3,,5.5,,8.8,,2.8,33.6
Ealing,2004,E09000009,160000.0,3800.0,26100.0,,40700.0,22300.0,6500.0,31300.0,290600.0,55.1,1.3,9.0,,14.0,7.7,2.2,10.8
Ealing,2005,E09000009,168400.0,7200.0,31300.0,,43800.0,9900.0,6300.0,41900.0,308800.0,54.5,2.3,10.1,,14.2,3.2,2.0,13.6
Ealing,2006,E09000009,177600.0,,34100.0,3200.0,34900.0,19100.0,5300.0,37200.0,311500.0,57.0,,11.0,1.0,11.2,6.1,1.7,11.9
Ealing,2007,E09000009,154300.0,4100.0,23800.0,,56900.0,32700.0,4900.0,38900.0,315700.0,48.9,1.3,7.5,,18.0,10.4,1.6,12.3
Ealing,2008,E09000009,171600.0,5100.0,24300.0,,54000.0,25400.0,4600.0,36100.0,321000.0,53.5,1.6,7.6,,16.8,7.9,1.4,11.3
Ealing,2009,E09000009,162500.0,4500.0,29800.0,,56700.0,30200.0,3500.0,39500.0,326500.0,49.7,1.4,9.1,,17.4,9.3,1.1,12.1
Ealing,2010,E09000009,148500.0,4400.0,25100.0,,73100.0,28400.0,5700.0,42300.0,327400.0,45.4,1.3,7.7,,22.3,8.7,1.7,12.9
Ealing,2011,E09000009,160800.0,,27100.0,,58200.0,14200.0,8200.0,64800.0,333300.0,48.2,,8.1,,17.5,4.3,2.4,19.5
Ealing,2012,E09000009,155100.0,3400.0,25600.0,,52200.0,25200.0,5300.0,68500.0,336100.0,46.2,1.0,7.6,,15.5,7.5,1.6,20.4
Ealing,2013,E09000009,143500.0,3400.0,39400.0,,57100.0,24700.0,,67700.0,338700.0,42.4,1.0,11.6,,16.9,7.3,,20.0
Ealing,2014,E09000009,155100.0,,35900.0,,54400.0,17600.0,,67200.0,337500.0,45.9,,10.6,,16.1,5.2,,19.9
Ealing,2015,E09000009,151600.0,,22800.0,3100.0,65200.0,31900.0,,59400.0,339700.0,44.6,,6.7,0.9,19.2,9.4,,17.5
Ealing,2016,E09000009,134200.0,7200.0,26600.0,3600.0,65900.0,27500.0,,72900.0,341300.0,39.3,2.1,7.8,1.0,19.3,8.1,,21.4
Ealing,2017,E09000009,124300.0,,42800.0,,50900.0,27700.0,12900.0,80000.0,338600.0,36.7,,12.6,,15.0,8.2,3.8,23.6
Ealing,2018,E09000009,147900.0,,30600.0,,44000.0,22900.0,13800.0,82700.0,341900.0,43.3,,8.9,,12.9,6.7,4.0,24.2
Enfield,2004,E09000010,185300.0,,15200.0,3700.0,19300.0,,6400.0,25600.0,255400.0,72.6,,5.9,1.4,7.5,,2.5,10.0
Enfield,2005,E09000010,200500.0,,12100.0,,30800.0,,6100.0,20900.0,270400.0,74.2,,4.5,,11.4,,2.3,7.7
Enfield,2006,E09000010,192700.0,,10500.0,4300.0,42300.0,,6100.0,22400.0,278200.0,69.3,,3.8,1.6,15.2,,2.2,8.0
Enfield,2007,E09000010,182400.0,,11000.0,7000.0,56400.0,,4600.0,25300.0,286800.0,63.6,,3.8,2.5,19.7,,1.6,8.8
Enfield,2008,E09000010,184700.0,,13500.0,7400.0,48700.0,,6200.0,28700.0,289200.0,63.9,,4.7,2.6,16.8,,2.2,9.9
Enfield,2009,E09000010,177700.0,2900.0,12200.0,4900.0,56400.0,,8600.0,32800.0,295600.0,60.1,1.0,4.1,1.7,19.1,,2.9,11.1
Enfield,2010,E09000010,184400.0,,10100.0,,58300.0,,12500.0,36700.0,302100.0,61.1,,3.4,,19.3,,4.1,12.1
Enfield,2011,E09000010,180300.0,3800.0,17200.0,5300.0,36400.0,,16300.0,44600.0,304000.0,59.3,1.3,5.7,1.8,12.0,,5.4,14.7
Enfield,2012,E09000010,182500.0,,13100.0,4500.0,48800.0,,16500.0,40900.0,311300.0,58.6,,4.2,1.4,15.7,,5.3,13.1
Enfield,2013,E09000010,182500.0,,8800.0,,55800.0,,9800.0,51500.0,314000.0,58.1,,2.8,,17.8,,3.1,16.4
Enfield,2014,E09000010,168900.0,,13600.0,,60100.0,,20100.0,46600.0,314100.0,53.8,,4.3,,19.1,,6.4,14.8
Enfield,2015,E09000010,159300.0,5100.0,8100.0,4400.0,58400.0,,22500.0,55700.0,314000.0,50.7,1.6,2.6,1.4,18.6,,7.2,17.7
Enfield,2016,E09000010,157500.0,,12200.0,5500.0,55200.0,,23400.0,72500.0,326300.0,48.3,,3.7,1.7,16.9,,7.2,22.2
Enfield,2017,E09000010,168200.0,,12400.0,,49800.0,,19300.0,78200.0,328000.0,51.3,,3.8,,15.2,,5.9,23.9
Enfield,2018,E09000010,185200.0,,13600.0,,49400.0,,13100.0,74100.0,335400.0,55.2,,4.0,,14.7,,3.9,22.1
Greenwich,2004,E09000011,149000.0,4300.0,4600.0,,9500.0,6800.0,2600.0,37600.0,214500.0,69.5,2.0,2.2,,4.5,3.2,1.2,17.5
Greenwich,2005,E09000011,154700.0,4200.0,,,9600.0,6100.0,5800.0,47700.0,228000.0,67.9,1.8,,,4.2,2.7,2.5,20.9
Greenwich,2006,E09000011,161300.0,3700.0,,,13700.0,3800.0,4600.0,44200.0,231300.0,69.7,1.6,,,5.9,1.6,2.0,19.1
Greenwich,2007,E09000011,161400.0,2700.0,6300.0,,19300.0,3700.0,3800.0,36900.0,234100.0,68.9,1.2,2.7,,8.3,1.6,1.6,15.7
Greenwich,2008,E09000011,159700.0,,5900.0,,14900.0,5700.0,4900.0,44900.0,236100.0,67.7,,2.5,,6.3,2.4,2.1,19.0
Greenwich,2009,E09000011,145900.0,4500.0,4200.0,,18300.0,3500.0,3000.0,61300.0,240800.0,60.6,1.9,1.8,,7.6,1.5,1.2,25.5
Greenwich,2010,E09000011,153100.0,6000.0,8200.0,,15900.0,2800.0,4300.0,56500.0,246700.0,62.1,2.4,3.3,,6.4,1.1,1.8,22.9
Greenwich,2011,E09000011,150700.0,6800.0,10000.0,,12000.0,,6000.0,66700.0,252100.0,59.8,2.7,3.9,,4.8,,2.4,26.4
Greenwich,2012,E09000011,149100.0,3500.0,8100.0,,17500.0,3800.0,,72800.0,257500.0,57.9,1.4,3.1,,6.8,1.5,,28.3
Greenwich,2013,E09000011,141400.0,9900.0,14900.0,,17600.0,,,72500.0,261200.0,54.1,3.8,5.7,,6.7,,,27.7
Greenwich,2014,E09000011,135100.0,5600.0,10700.0,,28700.0,,4800.0,78800.0,265700.0,50.9,2.1,4.0,,10.8,,1.8,29.6
Greenwich,2015,E09000011,152600.0,6600.0,13600.0,,14900.0,,,77300.0,270900.0,56.3,2.4,5.0,,5.5,,,28.5
Greenwich,2016,E09000011,140300.0,8700.0,14200.0,,16200.0,,6100.0,91100.0,276600.0,50.7,3.1,5.1,,5.9,,2.2,32.9
Greenwich,2017,E09000011,144600.0,3500.0,9700.0,,15800.0,4000.0,4000.0,97900.0,279500.0,51.7,1.3,3.5,,5.6,1.4,1.4,35.0
Greenwich,2018,E09000011,140300.0,,7000.0,,18100.0,9900.0,12200.0,95100.0,282600.0,49.7,,2.5,,6.4,3.5,4.3,33.6
Hackney,2004,E09000012,106500.0,,,11800.0,35000.0,,4700.0,42500.0,200400.0,53.1,,,5.9,17.5,,2.4,21.2
Hackney,2005,E09000012,118200.0,2800.0,,15800.0,33400.0,,3900.0,40900.0,215000.0,55.0,1.3,,7.4,15.5,,1.8,19.0
Hackney,2006,E09000012,120600.0,3600.0,2000.0,14200.0,32100.0,,2400.0,41900.0,216800.0,55.6,1.7,0.9,6.6,14.8,,1.1,19.3
Hackney,2007,E09000012,116300.0,3700.0,,8100.0,40800.0,,3400.0,51100.0,223300.0,52.1,1.6,,3.6,18.3,,1.5,22.9
Hackney,2008,E09000012,114700.0,2300.0,,14800.0,30100.0,3200.0,4000.0,60800.0,229900.0,49.9,1.0,,6.4,13.1,1.4,1.7,26.4
Hackney,2009,E09000012,111700.0,3400.0,3100.0,17300.0,32900.0,2600.0,2900.0,60200.0,234100.0,47.7,1.5,1.3,7.4,14.1,1.1,1.2,25.7
Hackney,2010,E09000012,116600.0,4000.0,,14500.0,28400.0,,3400.0,73200.0,240100.0,48.6,1.7,,6.0,11.8,,1.4,30.5
Hackney,2011,E09000012,99700.0,5600.0,,18900.0,32200.0,,8700.0,78100.0,243200.0,41.0,2.3,,7.8,13.3,,3.6,32.1
Hackney,2012,E09000012,85900.0,2700.0,2900.0,19500.0,47400.0,,5800.0,83500.0,248100.0,34.6,1.1,1.2,7.9,19.1,,2.3,33.7
Hackney,2013,E09000012,95000.0,3500.0,,12700.0,55100.0,,8300.0,79800.0,254900.0,37.3,1.4,,5.0,21.6,,3.2,31.3
Hackney,2014,E09000012,107500.0,,,19200.0,36500.0,,6200.0,85700.0,261300.0,41.1,,,7.3,14.0,,2.4,32.8
Hackney,2015,E09000012,98600.0,4700.0,5100.0,26800.0,32000.0,,7500.0,90200.0,266500.0,37.0,1.8,1.9,10.1,12.0,,2.8,33.8
Hackney,2016,E09000012,96800.0,4100.0,3700.0,19800.0,31700.0,,7800.0,107200.0,271000.0,35.7,1.5,1.4,7.3,11.7,,2.9,39.6
Hackney,2017,E09000012,92000.0,,,21600.0,35300.0,3500.0,8800.0,113600.0,274800.0,33.5,,,7.8,12.8,1.3,3.2,41.3
Hackney,2018,E09000012,88400.0,5400.0,8900.0,28400.0,36700.0,,5400.0,107700.0,280900.0,31.5,1.9,3.2,10.1,13.1,,1.9,38.3
Hammersmith and Fulham,2004,E09000013,111500.0,,,2500.0,11500.0,,9600.0,24300.0,159500.0,69.9,,,1.6,7.2,,6.1,15.2
Hammersmith and Fulham,2005,E09000013,121600.0,2000.0,,,12900.0,,4800.0,29700.0,170900.0,71.1,1.2,,,7.5,,2.8,17.4
Hammersmith and Fulham,2006,E09000013,126300.0,,3900.0,,14600.0,,3600.0,24500.0,172900.0,73.1,,2.3,,8.5,,2.1,14.2
Hammersmith and Fulham,2007,E09000013,126000.0,,2300.0,,12600.0,,5400.0,28400.0,174700.0,72.1,,1.3,,7.2,,3.1,16.2
Hammersmith and Fulham,2008,E09000013,117100.0,,2800.0,,17000.0,,5900.0,32300.0,175100.0,66.9,,1.6,,9.7,,3.4,18.5
Hammersmith and Fulham,2009,E09000013,117400.0,2600.0,,,19100.0,,7200.0,30700.0,176900.0,66.3,1.4,,,10.8,,4.1,17.3
Hammersmith and Fulham,2010,E09000013,114700.0,2300.0,2900.0,2400.0,15200.0,,3700.0,37600.0,178800.0,64.2,1.3,1.6,1.3,8.5,,2.1,21.0
Hammersmith and Fulham,2011,E09000013,103100.0,1700.0,3700.0,2400.0,18500.0,,2200.0,47900.0,179500.0,57.4,0.9,2.0,1.3,10.3,,1.3,26.7
Hammersmith and Fulham,2012,E09000013,114700.0,,,,18900.0,,,41100.0,180400.0,63.5,,,,10.5,,,22.8
Hammersmith and Fulham,2013,E09000013,109300.0,1700.0,,2000.0,21500.0,,,40800.0,179200.0,61.0,0.9,,1.1,12.0,,,22.8
Hammersmith and Fulham,2014,E09000013,99800.0,2800.0,3800.0,,19100.0,,2300.0,50400.0,179700.0,55.5,1.6,2.1,,10.6,,1.3,28.1
Hammersmith and Fulham,2015,E09000013,96300.0,,2600.0,,19000.0,,3100.0,54000.0,178700.0,53.9,,1.5,,10.6,,1.7,30.2
Hammersmith and Fulham,2016,E09000013,93600.0,2500.0,,,18400.0,,6500.0,58400.0,179500.0,52.2,1.4,,,10.2,,3.6,32.6
Hammersmith and Fulham,2017,E09000013,88200.0,,5700.0,,19200.0,,5000.0,62400.0,180500.0,48.9,,3.2,,10.6,,2.7,34.6
Hammersmith and Fulham,2018,E09000013,94700.0,4100.0,,,19300.0,,7200.0,53500.0,178900.0,52.9,2.3,,,10.8,,4.0,29.9
Haringey,2004,E09000014,119600.0,,5900.0,5600.0,37400.0,2500.0,3500.0,42900.0,217400.0,55.0,,2.7,2.6,17.2,1.1,1.6,19.8
Haringey,2005,E09000014,131300.0,,6100.0,3700.0,30500.0,,6700.0,48300.0,226700.0,57.9,,2.7,1.6,13.5,,3.0,21.3
Haringey,2006,E09000014,127600.0,,4100.0,6000.0,29700.0,,6600.0,56700.0,230600.0,55.3,,1.8,2.6,12.9,,2.9,24.6
Haringey,2007,E09000014,115400.0,4000.0,2600.0,7800.0,32100.0,,7300.0,65500.0,234800.0,49.1,1.7,1.1,3.3,13.7,,3.1,27.9
Haringey,2008,E09000014,132400.0,,3600.0,5100.0,31900.0,,7000.0,62900.0,242800.0,54.5,,1.5,2.1,13.1,,2.9,25.9
Haringey,2009,E09000014,131000.0,4000.0,7900.0,,38500.0,3600.0,5900.0,57100.0,247800.0,52.8,1.6,3.2,,15.5,1.5,2.4,23.0
Haringey,2010,E09000014,123200.0,,6800.0,4600.0,48400.0,,10800.0,55600.0,249400.0,49.4,,2.7,1.8,19.4,,4.3,22.3
Haringey,2011,E09000014,114500.0,,6800.0,7500.0,39400.0,,6000.0,77700.0,252000.0,45.4,,2.7,3.0,15.6,,2.4,30.8
Haringey,2012,E09000014,108300.0,,6000.0,16000.0,41200.0,,6700.0,73200.0,254100.0,42.6,,2.4,6.3,16.2,,2.6,28.8
Haringey,2013,E09000014,116700.0,,4900.0,10000.0,38700.0,,9300.0,71600.0,255500.0,45.7,,1.9,3.9,15.1,,3.6,28.0
Haringey,2014,E09000014,130200.0,,3200.0,7400.0,39400.0,2900.0,8500.0,66600.0,260500.0,50.0,,1.2,2.8,15.1,1.1,3.3,25.6
Haringey,2015,E09000014,110800.0,,4800.0,4700.0,45600.0,,5000.0,90600.0,265800.0,41.7,,1.8,1.8,17.1,,1.9,34.1
Haringey,2016,E09000014,115600.0,4800.0,3900.0,6600.0,41900.0,,4600.0,91200.0,268700.0,43.0,1.8,1.5,2.4,15.6,,1.7,33.9
Haringey,2017,E09000014,118200.0,,,6900.0,35100.0,,10000.0,97500.0,267700.0,44.2,,,2.6,13.1,,3.7,36.4
Haringey,2018,E09000014,122000.0,,,8700.0,33100.0,,10100.0,102000.0,275900.0,44.2,,,3.1,12.0,,3.7,37.0
Harrow,2004,E09000015,97600.0,,39400.0,17400.0,16700.0,,11200.0,21600.0,203800.0,47.9,,19.3,8.5,8.2,,5.5,10.6
Harrow,2005,E09000015,94800.0,,53800.0,12600.0,22500.0,,8600.0,26300.0,218500.0,43.4,,24.6,5.7,10.3,,3.9,12.0
Harrow,2006,E09000015,102600.0,2800.0,64100.0,9800.0,16700.0,,4700.0,20500.0,221200.0,46.4,1.3,29.0,4.4,7.6,,2.1,9.3
Harrow,2007,E09000015,101400.0,,63800.0,13300.0,21400.0,,9700.0,14700.0,224300.0,45.2,,28.4,5.9,9.6,,4.3,6.5
Harrow,2008,E09000015,97000.0,3100.0,56200.0,11800.0,31200.0,,10200.0,16700.0,226100.0,42.9,1.4,24.9,5.2,13.8,,4.5,7.4
Harrow,2009,E09000015,99800.0,5100.0,49500.0,14300.0,30600.0,,11900.0,18400.0,229600.0,43.5,2.2,21.6,6.2,13.3,,5.2,8.0
Harrow,2010,E09000015,97900.0,5700.0,54200.0,12500.0,36800.0,,6100.0,19300.0,232700.0,42.1,2.4,23.3,5.4,15.8,,2.6,8.3
Harrow,2011,E09000015,98500.0,3400.0,54100.0,9200.0,35800.0,,7800.0,27400.0,236200.0,41.7,1.4,22.9,3.9,15.2,,3.3,11.6
Harrow,2012,E09000015,88800.0,3200.0,66800.0,11200.0,34800.0,,11300.0,22600.0,239000.0,37.2,1.4,27.9,4.7,14.6,,4.7,9.5
Harrow,2013,E09000015,95700.0,4500.0,57400.0,10400.0,30100.0,,16100.0,24900.0,239700.0,39.9,1.9,23.9,4.3,12.6,,6.7,10.4
Harrow,2014,E09000015,85200.0,3100.0,63500.0,11800.0,30500.0,,15300.0,30500.0,241700.0,35.3,1.3,26.3,4.9,12.6,,6.3,12.6
Harrow,2015,E09000015,82000.0,6600.0,63200.0,10800.0,36500.0,,13200.0,31200.0,244000.0,33.6,2.7,25.9,4.4,15.0,,5.4,12.8
Harrow,2016,E09000015,85100.0,4200.0,73800.0,12400.0,25000.0,,13100.0,31600.0,245100.0,34.7,1.7,30.1,5.0,10.2,,5.3,12.9
Harrow,2017,E09000015,90500.0,,65000.0,10200.0,34100.0,,14200.0,30800.0,244800.0,37.0,,26.5,4.2,13.9,,5.8,12.6
Harrow,2018,E09000015,91000.0,,67800.0,6500.0,30200.0,4100.0,13800.0,32500.0,245900.0,37.0,,27.6,2.6,12.3,1.7,5.6,13.2
Havering,2004,E09000016,184200.0,,,,4100.0,,3700.0,22300.0,214200.0,86.0,,,,1.9,,1.7,10.4
Havering,2005,E09000016,195000.0,,,,4600.0,,6300.0,19500.0,225400.0,86.5,,,,2.0,,2.8,8.6
Havering,2006,E09000016,190400.0,,3800.0,,,,5900.0,26500.0,226600.0,84.0,,1.7,,,,2.6,11.7
Havering,2007,E09000016,187200.0,,3300.0,2900.0,,,5700.0,29000.0,228100.0,82.1,,1.4,1.3,,,2.5,12.7
Havering,2008,E09000016,180200.0,,,,3900.0,2900.0,4300.0,38400.0,229700.0,78.4,,,,1.7,1.3,1.9,16.7
Havering,2009,E09000016,152300.0,,,,4300.0,,11000.0,64900.0,232600.0,65.5,,,,1.8,,4.7,27.9
Havering,2010,E09000016,149000.0,,4000.0,3400.0,4800.0,4600.0,3100.0,65400.0,234300.0,63.6,,1.7,1.5,2.1,1.9,1.3,27.9
Havering,2011,E09000016,144200.0,,7100.0,,6800.0,,5200.0,72400.0,235600.0,61.2,,3.0,,2.9,,2.2,30.7
Havering,2012,E09000016,163600.0,,3900.0,,3800.0,,,63200.0,238200.0,68.7,,1.6,,1.6,,,26.5
Havering,2013,E09000016,157400.0,,5400.0,,4700.0,2900.0,3000.0,64700.0,240500.0,65.4,,2.3,,2.0,1.2,1.2,26.9
Havering,2014,E09000016,156600.0,,4600.0,,6800.0,2800.0,3200.0,67600.0,244400.0,64.1,,1.9,,2.8,1.2,1.3,27.7
Havering,2015,E09000016,163500.0,,5300.0,,5500.0,,,69200.0,247400.0,66.1,,2.1,,2.2,,,28.0
Havering,2016,E09000016,158900.0,,3800.0,,9700.0,,4400.0,75000.0,251700.0,63.1,,1.5,,3.9,,1.7,29.8
Havering,2017,E09000016,170000.0,,4200.0,,10900.0,,3600.0,65700.0,254300.0,66.8,,1.6,,4.3,,1.4,25.8
Havering,2018,E09000016,148100.0,,3900.0,,5600.0,,8300.0,92000.0,257800.0,57.4,,1.5,,2.2,,3.2,35.7
Hillingdon,2004,E09000017,171300.0,,8800.0,3000.0,15300.0,11800.0,4800.0,21600.0,236700.0,72.4,,3.7,1.3,6.5,5.0,2.0,9.1
Hillingdon,2005,E09000017,171200.0,,7300.0,,19900.0,14000.0,5100.0,31300.0,248700.0,68.8,,2.9,,8.0,5.6,2.1,12.6
Hillingdon,2006,E09000017,176400.0,,,,18200.0,13500.0,10900.0,33000.0,251900.0,70.0,,,,7.2,5.4,4.3,13.1
Hillingdon,2007,E09000017,167500.0,,20400.0,,20000.0,,19200.0,27400.0,254500.0,65.8,,8.0,,7.9,,7.5,10.7
Hillingdon,2008,E09000017,156500.0,,19500.0,,29500.0,18300.0,3100.0,31400.0,258300.0,60.6,,7.6,,11.4,7.1,1.2,12.1
Hillingdon,2009,E09000017,166300.0,,19600.0,,29600.0,18100.0,4300.0,25200.0,263000.0,63.2,,7.4,,11.2,6.9,1.6,9.6
Hillingdon,2010,E09000017,148500.0,,26100.0,,30300.0,16900.0,4000.0,41200.0,267100.0,55.6,,9.8,,11.3,6.3,1.5,15.4
Hillingdon,2011,E09000017,148800.0,,22900.0,,22800.0,24000.0,3000.0,51000.0,272400.0,54.6,,8.4,,8.4,8.8,1.1,18.7
Hillingdon,2012,E09000017,150800.0,4900.0,26600.0,,26400.0,16800.0,3400.0,47600.0,278700.0,54.1,1.8,9.5,,9.5,6.0,1.2,17.1
Hillingdon,2013,E09000017,123000.0,,33600.0,,44000.0,13100.0,2900.0,61700.0,282800.0,43.5,,11.9,,15.6,4.6,1.0,21.8
Hillingdon,2014,E09000017,134700.0,,27200.0,2600.0,40100.0,18600.0,,61000.0,287300.0,46.9,,9.5,0.9,14.0,6.5,,21.3
Hillingdon,2015,E09000017,136500.0,,20600.0,2700.0,45100.0,22900.0,,60400.0,293100.0,46.5,,7.0,0.9,15.4,7.8,,20.6
Hillingdon,2016,E09000017,146200.0,,26000.0,,39400.0,19500.0,4300.0,61200.0,296700.0,49.3,,8.7,,13.3,6.6,1.5,20.6
Hillingdon,2017,E09000017,145400.0,,29300.0,3500.0,26000.0,30500.0,9000.0,55300.0,299100.0,48.6,,9.8,1.2,8.7,10.2,3.0,18.5
Hillingdon,2018,E09000017,125700.0,,41800.0,3300.0,38500.0,22500.0,4100.0,68700.0,304600.0,41.3,,13.7,1.1,12.6,7.4,1.3,22.6
Hounslow,2004,E09000018,118000.0,,14800.0,,21100.0,23600.0,5000.0,26900.0,209400.0,56.4,,7.0,,10.1,11.3,2.4,12.8
Hounslow,2005,E09000018,124800.0,3200.0,12900.0,,24200.0,23800.0,5000.0,28500.0,222300.0,56.2,1.4,5.8,,10.9,10.7,2.2,12.8
Hounslow,2006,E09000018,125100.0,3000.0,19500.0,,30900.0,17400.0,5400.0,25400.0,226700.0,55.2,1.3,8.6,,13.6,7.7,2.4,11.2
Hounslow,2007,E09000018,127700.0,,21100.0,,27500.0,21300.0,5000.0,29200.0,231800.0,55.1,,9.1,,11.9,9.2,2.2,12.6
Hounslow,2008,E09000018,120400.0,,20800.0,,37900.0,18400.0,4300.0,34300.0,236300.0,51.0,,8.8,,16.1,7.8,1.8,14.5
Hounslow,2009,E09000018,119200.0,,33300.0,,32000.0,14500.0,8400.0,34600.0,242000.0,49.3,,13.7,,13.2,6.0,3.5,14.3
Hounslow,2010,E09000018,124000.0,3200.0,25600.0,,29900.0,20700.0,7800.0,36100.0,247200.0,50.1,1.3,10.4,,12.1,8.4,3.2,14.6
Hounslow,2011,E09000018,113700.0,6000.0,16300.0,,33900.0,23800.0,4100.0,54400.0,252200.0,45.1,2.4,6.5,,13.4,9.4,1.6,21.6
Hounslow,2012,E09000018,126800.0,3800.0,18300.0,,34600.0,21100.0,,48900.0,256900.0,49.4,1.5,7.1,,13.5,8.2,,19.0
Hounslow,2013,E09000018,123100.0,,38500.0,,31900.0,23200.0,,38700.0,259700.0,47.4,,14.8,,12.3,8.9,,14.9
Hounslow,2014,E09000018,116600.0,,38600.0,,37700.0,18000.0,5000.0,43800.0,262800.0,44.4,,14.7,,14.3,6.8,1.9,16.7
Hounslow,2015,E09000018,125200.0,,38300.0,,35800.0,23300.0,4100.0,35400.0,263400.0,47.5,,14.5,,13.6,8.9,1.6,13.4
Hounslow,2016,E09000018,123000.0,,29700.0,,40800.0,23100.0,12600.0,37400.0,266600.0,46.1,,11.2,,15.3,8.6,4.7,14.0
Hounslow,2017,E09000018,120300.0,,25900.0,,44100.0,26000.0,10100.0,39100.0,265500.0,45.3,,9.8,,16.6,9.8,3.8,14.7
Hounslow,2018,E09000018,103900.0,6400.0,39000.0,,40700.0,16500.0,,57800.0,269700.0,38.5,2.4,14.5,,15.1,6.1,,21.4
Islington,2004,E09000019,103100.0,1700.0,3600.0,,20900.0,,3800.0,41000.0,174100.0,59.2,1.0,2.1,,12.0,,2.2,23.6
Islington,2005,E09000019,112300.0,,2900.0,,20100.0,,2700.0,42400.0,180400.0,62.2,,1.6,,11.2,,1.5,23.5
Islington,2006,E09000019,108500.0,2300.0,,2200.0,21300.0,,4300.0,43600.0,182200.0,59.5,1.3,,1.2,11.7,,2.4,23.9
Islington,2007,E09000019,108600.0,2000.0,,2500.0,21200.0,,5200.0,46200.0,185800.0,58.4,1.1,,1.4,11.4,,2.8,24.9
Islington,2008,E09000019,103500.0,2100.0,,,22700.0,,6000.0,53700.0,188100.0,55.0,1.1,,,12.1,,3.2,28.5
Islington,2009,E09000019,99300.0,3600.0,,,14900.0,,6400.0,69900.0,194200.0,51.1,1.9,,,7.7,,3.3,36.0
Islington,2010,E09000019,101500.0,2500.0,2300.0,3500.0,19700.0,,5200.0,63400.0,198000.0,51.2,1.3,1.2,1.8,9.9,,2.6,32.0
Islington,2011,E09000019,90000.0,2800.0,,,25600.0,,8000.0,74900.0,201300.0,44.7,1.4,,,12.7,,4.0,37.2
Islington,2012,E09000019,99100.0,,4000.0,,21400.0,,,78200.0,207200.0,47.8,,1.9,,10.3,,,37.7
Islington,2013,E09000019,103900.0,,4400.0,,15600.0,,5200.0,76900.0,209900.0,49.5,,2.1,,7.4,,2.5,36.6
Islington,2014,E09000019,93700.0,3300.0,5200.0,,14300.0,,4500.0,93200.0,216700.0,43.2,1.5,2.4,,6.6,,2.1,43.0
Islington,2015,E09000019,93700.0,3200.0,,,19900.0,,7300.0,91400.0,220400.0,42.5,1.5,,,9.0,,3.3,41.5
Islington,2016,E09000019,90000.0,,,3800.0,29100.0,,7900.0,97300.0,228100.0,39.4,,,1.7,12.8,,3.5,42.7
Islington,2017,E09000019,90600.0,,,,22700.0,,8200.0,109600.0,231200.0,39.2,,,,9.8,,3.6,47.4
Islington,2018,E09000019,90200.0,,,,18300.0,,11700.0,114700.0,234900.0,38.4,,,,7.8,,5.0,48.8
Kensington and Chelsea,2004,E09000020,113300.0,,,3000.0,20200.0,,3800.0,17800.0,158100.0,71.7,,,1.9,12.8,,2.4,11.3
Kensington and Chelsea,2005,E09000020,116700.0,2100.0,,4300.0,14200.0,,3700.0,24400.0,165300.0,70.6,1.3,,2.6,8.6,,2.3,14.8
Kensington and Chelsea,2006,E09000020,111600.0,,,3200.0,16800.0,,6000.0,24800.0,162400.0,68.7,,,2.0,10.4,,3.7,15.2
Kensington and Chelsea,2007,E09000020,109200.0,,,4600.0,14600.0,,4100.0,27900.0,160400.0,68.1,,,2.9,9.1,,2.6,17.4
Kensington and Chelsea,2008,E09000020,100400.0,2900.0,3900.0,4500.0,14300.0,,2400.0,31400.0,159900.0,62.8,1.8,2.5,2.8,9.0,,1.5,19.7
Kensington and Chelsea,2009,E09000020,106000.0,3200.0,3400.0,3400.0,15700.0,,2800.0,25100.0,159600.0,66.4,2.0,2.1,2.1,9.8,,1.8,15.8
Kensington and Chelsea,2010,E09000020,104700.0,2500.0,,3500.0,18600.0,,5700.0,22500.0,157500.0,66.5,1.6,,2.2,11.8,,3.6,14.3
Kensington and Chelsea,2011,E09000020,97300.0,1900.0,,4100.0,23200.0,,4100.0,24300.0,154900.0,62.8,1.2,,2.6,15.0,,2.6,15.7
Kensington and Chelsea,2012,E09000020,91600.0,1800.0,,5100.0,23000.0,,2800.0,26900.0,153200.0,59.8,1.1,,3.3,15.0,,1.8,17.6
Kensington and Chelsea,2013,E09000020,90600.0,,,4000.0,21300.0,,1900.0,33700.0,154200.0,58.8,,,2.6,13.8,,1.3,21.9
Kensington and Chelsea,2014,E09000020,97900.0,,,3900.0,19000.0,,2700.0,29000.0,155200.0,63.1,,,2.5,12.2,,1.7,18.7
Kensington and Chelsea,2015,E09000020,84800.0,1500.0,,4600.0,20300.0,,2000.0,40300.0,155100.0,54.7,1.0,,3.0,13.1,,1.3,26.0
Kensington and Chelsea,2016,E09000020,91900.0,,2000.0,4400.0,22500.0,,4600.0,29600.0,155000.0,59.3,,1.3,2.8,14.5,,3.0,19.1
Kensington and Chelsea,2017,E09000020,78000.0,,,3300.0,23200.0,,8900.0,40000.0,153400.0,50.8,,,2.1,15.1,,5.8,26.1
Kensington and Chelsea,2018,E09000020,75300.0,2600.0,2600.0,7200.0,15800.0,,9200.0,41200.0,153900.0,48.9,1.7,1.7,4.7,10.3,,6.0,26.8
Kingston upon Thames,2004,E09000021,109700.0,,4500.0,,4900.0,,3600.0,21800.0,144500.0,75.9,,3.1,,3.4,,2.5,15.1
Kingston upon Thames,2005,E09000021,104300.0,,7000.0,,5800.0,,5300.0,28300.0,150700.0,69.2,,4.6,,3.8,,3.5,18.8
Kingston upon Thames,2006,E09000021,101200.0,,5800.0,,8100.0,,3700.0,32900.0,151800.0,66.7,,3.8,,5.3,,2.5,21.7
Kingston upon Thames,2007,E09000021,98800.0,,5800.0,,9700.0,,2600.0,35100.0,152000.0,65.0,,3.8,,6.4,,1.7,23.1
Kingston upon Thames,2008,E09000021,100600.0,,7700.0,,9400.0,,3500.0,33300.0,154600.0,65.1,,5.0,,6.1,,2.3,21.6
Kingston upon Thames,2009,E09000021,105700.0,2600.0,5900.0,,7600.0,,3000.0,30900.0,155800.0,67.9,1.7,3.8,,4.9,,1.9,19.9
Kingston upon Thames,2010,E09000021,98200.0,2800.0,9200.0,,7200.0,2200.0,5600.0,31900.0,157100.0,62.5,1.8,5.9,,4.6,1.4,3.6,20.3
Kingston upon Thames,2011,E09000021,90800.0,2100.0,6100.0,,9300.0,2700.0,3700.0,42000.0,156600.0,58.0,1.3,3.9,,5.9,1.7,2.3,26.8
Kingston upon Thames,2012,E09000021,88000.0,3700.0,6200.0,,10400.0,,2900.0,47600.0,160700.0,54.8,2.3,3.9,,6.5,,1.8,29.6
Kingston upon Thames,2013,E09000021,94200.0,,9200.0,,5800.0,2500.0,3200.0,47500.0,163900.0,57.5,,5.6,,3.6,1.5,1.9,29.0
Kingston upon Thames,2014,E09000021,97000.0,,7000.0,,13300.0,,2700.0,44100.0,166100.0,58.4,,4.2,,8.0,,1.6,26.6
Kingston upon Thames,2015,E09000021,96200.0,,8700.0,,14300.0,,4000.0,40600.0,166200.0,57.9,,5.2,,8.6,,2.4,24.4
Kingston upon Thames,2016,E09000021,93000.0,,9500.0,,11200.0,,7800.0,48900.0,170400.0,54.6,,5.6,,6.5,,4.6,28.7
Kingston upon Thames,2017,E09000021,83800.0,3300.0,9500.0,2400.0,18100.0,,3400.0,51900.0,172200.0,48.6,1.9,5.5,1.4,10.5,,2.0,30.1
Kingston upon Thames,2018,E09000021,74000.0,2300.0,10700.0,,19400.0,,3800.0,66300.0,176500.0,41.9,1.3,6.1,,11.0,,2.2,37.6
Lambeth,2004,E09000022,180800.0,6200.0,4400.0,,16100.0,,9500.0,45900.0,262900.0,68.8,2.3,1.7,,6.1,,3.6,17.4
Lambeth,2005,E09000022,181900.0,4700.0,3800.0,,13000.0,,16500.0,54600.0,274400.0,66.3,1.7,1.4,,4.7,,6.0,19.9
Lambeth,2006,E09000022,181300.0,,,,23200.0,,21600.0,50700.0,276700.0,65.5,,,,8.4,,7.8,18.3
Lambeth,2007,E09000022,175000.0,,,,23400.0,,18900.0,63500.0,280800.0,62.3,,,,8.3,,6.7,22.6
Lambeth,2008,E09000022,169100.0,,3100.0,,28300.0,,15600.0,69700.0,285700.0,59.2,,1.1,,9.9,,5.5,24.4
Lambeth,2009,E09000022,187000.0,,,,19200.0,,17000.0,67800.0,290900.0,64.3,,,,6.6,,5.8,23.3
Lambeth,2010,E09000022,171200.0,5100.0,,,14100.0,,14600.0,88200.0,293400.0,58.4,1.8,,,4.8,,5.0,30.1
Lambeth,2011,E09000022,154500.0,5000.0,,,12800.0,,9000.0,117500.0,298700.0,51.7,1.7,,,4.3,,3.0,39.3
Lambeth,2012,E09000022,159400.0,,,,18500.0,,4900.0,113800.0,305600.0,52.2,,,,6.1,,1.6,37.2
Lambeth,2013,E09000022,163500.0,5100.0,,,12100.0,,5800.0,119800.0,309700.0,52.8,1.6,,,3.9,,1.9,38.7
Lambeth,2014,E09000022,156900.0,,,,14000.0,,5900.0,126800.0,311100.0,50.4,,,,4.5,,1.9,40.8
Lambeth,2015,E09000022,154900.0,5200.0,,,24400.0,,8300.0,119700.0,316500.0,48.9,1.7,,,7.7,,2.6,37.8
Lambeth,2016,E09000022,163600.0,,,,21200.0,,10600.0,123500.0,318900.0,51.3,,,,6.7,,3.3,38.7
Lambeth,2017,E09000022,167200.0,,,,13800.0,,8900.0,130600.0,320500.0,52.2,,,,4.3,,2.8,40.8
Lambeth,2018,E09000022,143500.0,,7200.0,,34300.0,,14100.0,124500.0,323600.0,44.4,,2.2,,10.6,,4.4,38.5
Lewisham,2004,E09000023,165600.0,3000.0,4400.0,,13900.0,,3500.0,47900.0,238300.0,69.5,1.3,1.9,,5.8,,1.5,20.1
Lewisham,2005,E09000023,167800.0,,4400.0,,20600.0,,3000.0,56500.0,252300.0,66.5,,1.8,,8.2,,1.2,22.4
Lewisham,2006,E09000023,161800.0,4300.0,6400.0,,16300.0,,4500.0,60600.0,253700.0,63.8,1.7,2.5,,6.4,,1.8,23.9
Lewisham,2007,E09000023,167700.0,6200.0,6000.0,,18900.0,,3000.0,56600.0,258500.0,64.9,2.4,2.3,,7.3,,1.2,21.9
Lewisham,2008,E09000023,176100.0,4500.0,6600.0,,17700.0,,3400.0,56000.0,264300.0,66.6,1.7,2.5,,6.7,,1.3,21.2
Lewisham,2009,E09000023,196000.0,,3500.0,,10400.0,,3900.0,55000.0,268700.0,72.9,,1.3,,3.9,,1.4,20.5
Lewisham,2010,E09000023,174700.0,,5100.0,,18600.0,,7400.0,64400.0,270300.0,64.6,,1.9,,6.9,,2.7,23.8
Lewisham,2011,E09000023,157100.0,4600.0,7500.0,,18200.0,,7600.0,79600.0,274500.0,57.2,1.7,2.7,,6.6,,2.8,29.0
Lewisham,2012,E09000023,150900.0,,10100.0,,26000.0,,4600.0,82500.0,279100.0,54.1,,3.6,,9.3,,1.6,29.5
Lewisham,2013,E09000023,144600.0,3300.0,4700.0,,25200.0,,6000.0,96600.0,283300.0,51.1,1.2,1.7,,8.9,,2.1,34.1
Lewisham,2014,E09000023,149900.0,3200.0,5900.0,2900.0,22500.0,,7000.0,96900.0,288600.0,51.9,1.1,2.0,1.0,7.8,,2.4,33.6
Lewisham,2015,E09000023,149500.0,,12500.0,,22800.0,,6200.0,98900.0,293200.0,51.0,,4.3,,7.8,,2.1,33.7
Lewisham,2016,E09000023,140300.0,,8300.0,,22700.0,,15300.0,109800.0,296500.0,47.3,,2.8,,7.7,,5.2,37.0
Lewisham,2017,E09000023,162900.0,,9600.0,,12400.0,,8200.0,106000.0,299100.0,54.5,,3.2,,4.2,,2.8,35.4
Lewisham,2018,E09000023,145500.0,,7600.0,,21000.0,,12900.0,117400.0,304400.0,47.8,,2.5,,6.9,,4.2,38.6
Merton,2004,E09000024,126200.0,,7600.0,,8400.0,3200.0,8600.0,30400.0,184500.0,68.4,,4.1,,4.6,1.8,4.6,16.5
Merton,2005,E09000024,138800.0,,7500.0,,7300.0,,7100.0,28400.0,189200.0,73.4,,4.0,,3.8,,3.8,15.0
Merton,2006,E09000024,128900.0,,11100.0,,14200.0,,4100.0,33000.0,191200.0,67.4,,5.8,,7.4,,2.2,17.2
Merton,2007,E09000024,135600.0,2400.0,8800.0,,13400.0,,3300.0,28700.0,192300.0,70.5,1.3,4.6,,7.0,,1.7,14.9
Merton,2008,E09000024,132600.0,2700.0,12500.0,,13800.0,,4500.0,28500.0,194500.0,68.2,1.4,6.4,,7.1,,2.3,14.6
Merton,2009,E09000024,126900.0,,15300.0,,18900.0,,8100.0,27400.0,196600.0,64.5,,7.8,,9.6,,4.1,13.9
Merton,2010,E09000024,116300.0,,15600.0,,19600.0,,12200.0,32800.0,196600.0,59.2,,8.0,,10.0,,6.2,16.7
Merton,2011,E09000024,112600.0,,17000.0,,12600.0,,4900.0,50400.0,197400.0,57.0,,8.6,,6.4,,2.5,25.5
Merton,2012,E09000024,118900.0,,19100.0,,13800.0,,3100.0,42600.0,199700.0,59.6,,9.5,,6.9,,1.6,21.3
Merton,2013,E09000024,126400.0,,7900.0,,14800.0,,,49500.0,201500.0,62.7,,3.9,,7.4,,,24.6
Merton,2014,E09000024,115700.0,,13100.0,,18900.0,,3800.0,48000.0,202600.0,57.1,,6.5,,9.3,,1.9,23.7
Merton,2015,E09000024,113800.0,,9400.0,,20200.0,,,55400.0,204500.0,55.6,,4.6,,9.9,,,27.1
Merton,2016,E09000024,98900.0,2900.0,9700.0,,25200.0,,6500.0,61900.0,205100.0,48.2,1.4,4.7,,12.3,,3.2,30.2
Merton,2017,E09000024,96200.0,,10300.0,,21100.0,,9800.0,66900.0,204200.0,47.1,,5.0,,10.3,,4.8,32.8
Merton,2018,E09000024,107000.0,,11100.0,,12600.0,,7300.0,69000.0,206900.0,51.7,,5.3,,6.1,,3.5,33.3
Newham,2004,E09000025,115600.0,,20500.0,,70800.0,5300.0,5500.0,24500.0,242200.0,47.7,,8.5,,29.2,2.2,2.3,10.1
Newham,2005,E09000025,119400.0,,18600.0,,78300.0,8000.0,5100.0,22900.0,252300.0,47.3,,7.4,,31.0,3.2,2.0,9.1
Newham,2006,E09000025,135900.0,,12200.0,,74900.0,6800.0,7200.0,20400.0,257400.0,52.8,,4.8,,29.1,2.7,2.8,7.9
Newham,2007,E09000025,128600.0,,17100.0,,85000.0,3200.0,3800.0,27400.0,265000.0,48.5,,6.5,,32.1,1.2,1.4,10.3
Newham,2008,E09000025,139200.0,,13600.0,,89900.0,3500.0,4100.0,25000.0,275300.0,50.6,,4.9,,32.7,1.3,1.5,9.1
Newham,2009,E09000025,142800.0,3100.0,19300.0,,86600.0,4100.0,4800.0,24000.0,284800.0,50.2,1.1,6.8,,30.4,1.4,1.7,8.4
Newham,2010,E09000025,120000.0,4100.0,24900.0,,110700.0,6500.0,5100.0,25700.0,296900.0,40.4,1.4,8.4,,37.3,2.2,1.7,8.7
Newham,2011,E09000025,125900.0,,28400.0,,113800.0,9500.0,4100.0,25800.0,307600.0,40.9,,9.2,,37.0,3.1,1.3,8.4
Newham,2012,E09000025,127500.0,,27900.0,,111000.0,11100.0,,32800.0,314600.0,40.5,,8.9,,35.3,3.5,,10.4
Newham,2013,E09000025,133100.0,,31500.0,,116900.0,8100.0,,24400.0,319500.0,41.7,,9.9,,36.6,2.5,,7.6
Newham,2014,E09000025,135800.0,,20400.0,,132900.0,5900.0,,26800.0,325900.0,41.7,,6.3,,40.8,1.8,,8.2
Newham,2015,E09000025,151700.0,,18800.0,,118700.0,3500.0,4200.0,36000.0,334600.0,45.4,,5.6,,35.5,1.0,1.3,10.8
Newham,2016,E09000025,144400.0,,21500.0,,126500.0,5100.0,9000.0,36000.0,342600.0,42.2,,6.3,,36.9,1.5,2.6,10.5
Newham,2017,E09000025,136300.0,,10300.0,,149500.0,,10400.0,40200.0,346700.0,39.3,,3.0,,43.1,,3.0,11.6
Newham,2018,E09000025,135200.0,,16400.0,,148400.0,6400.0,7300.0,39000.0,352600.0,38.4,,4.6,,42.1,1.8,2.1,11.1
Redbridge,2004,E09000026,123200.0,,19700.0,16500.0,29700.0,22400.0,3600.0,23000.0,237900.0,51.8,,8.3,6.9,12.5,9.4,1.5,9.7
Redbridge,2005,E09000026,130900.0,,26700.0,13200.0,37900.0,14600.0,3400.0,23100.0,249800.0,52.4,,10.7,5.3,15.2,5.8,1.4,9.2
Redbridge,2006,E09000026,110800.0,,32300.0,14300.0,45200.0,19300.0,3500.0,28200.0,253500.0,43.7,,12.7,5.6,17.8,7.6,1.4,11.1
Redbridge,2007,E09000026,128900.0,,31100.0,12100.0,45100.0,15400.0,7200.0,18500.0,258200.0,49.9,,12.0,4.7,17.5,6.0,2.8,7.1
Redbridge,2008,E09000026,128000.0,,25700.0,10000.0,54800.0,16800.0,4200.0,24000.0,263500.0,48.6,,9.8,3.8,20.8,6.4,1.6,9.1
Redbridge,2009,E09000026,114900.0,,31800.0,8400.0,57300.0,18700.0,8400.0,28000.0,267500.0,42.9,,11.9,3.1,21.4,7.0,3.1,10.5
Redbridge,2010,E09000026,117800.0,,29500.0,10900.0,61800.0,14700.0,5200.0,33600.0,273400.0,43.1,,10.8,4.0,22.6,5.4,1.9,12.3
Redbridge,2011,E09000026,100000.0,,42500.0,9600.0,76000.0,14800.0,4400.0,31200.0,278500.0,35.9,,15.3,3.4,27.3,5.3,1.6,11.2
Redbridge,2012,E09000026,107200.0,,29900.0,9700.0,81100.0,15100.0,2500.0,35400.0,282200.0,38.0,,10.6,3.5,28.7,5.4,0.9,12.5
Redbridge,2013,E09000026,107100.0,,35500.0,9700.0,80300.0,13800.0,4000.0,34400.0,287000.0,37.3,,12.4,3.4,28.0,4.8,1.4,12.0
Redbridge,2014,E09000026,116500.0,2900.0,34500.0,11400.0,69900.0,11600.0,3600.0,41400.0,291800.0,39.9,1.0,11.8,3.9,23.9,4.0,1.2,14.2
Redbridge,2015,E09000026,102800.0,,49600.0,8200.0,84800.0,9900.0,,38700.0,296200.0,34.7,,16.7,2.8,28.6,3.3,,13.1
Redbridge,2016,E09000026,101200.0,,42200.0,10000.0,85100.0,13200.0,5900.0,41800.0,299300.0,33.8,,14.1,3.3,28.4,4.4,2.0,14.0
Redbridge,2017,E09000026,105200.0,,41900.0,10100.0,87900.0,9200.0,5900.0,39000.0,299300.0,35.2,,14.0,3.4,29.4,3.1,2.0,13.0
Redbridge,2018,E09000026,120600.0,,32300.0,14600.0,85000.0,13000.0,,38700.0,306900.0,39.3,,10.5,4.8,27.7,4.2,,12.6
Richmond upon Thames,2004,E09000027,119200.0,,,,6100.0,,7000.0,38500.0,170800.0,69.8,,,,3.6,,4.1,22.5
Richmond upon Thames,2005,E09000027,132600.0,,,1900.0,3100.0,,3400.0,37900.0,178900.0,74.1,,,1.0,1.8,,1.9,21.2
Richmond upon Thames,2006,E09000027,128800.0,1900.0,,1900.0,,2300.0,3200.0,42100.0,180100.0,71.5,1.0,,1.0,,1.3,1.8,23.4
Richmond upon Thames,2007,E09000027,130500.0,,,,7900.0,,5900.0,35300.0,179600.0,72.7,,,,4.4,,3.3,19.7
Richmond upon Thames,2008,E09000027,125200.0,,,,11500.0,,5900.0,37600.0,180300.0,69.5,,,,6.4,,3.3,20.9
Richmond upon Thames,2009,E09000027,124500.0,,3500.0,,6500.0,,6500.0,41500.0,182500.0,68.2,,1.9,,3.5,,3.5,22.7
Richmond upon Thames,2010,E09000027,119800.0,3600.0,,,9900.0,,7000.0,44200.0,184400.0,65.0,1.9,,,5.4,,3.8,24.0
Richmond upon Thames,2011,E09000027,116500.0,,2900.0,,6600.0,,5700.0,51600.0,183400.0,63.5,,1.6,,3.6,,3.1,28.1
Richmond upon Thames,2012,E09000027,109600.0,,3200.0,,5100.0,,4500.0,61300.0,187000.0,58.6,,1.7,,2.7,,2.4,32.8
Richmond upon Thames,2013,E09000027,111800.0,,,,5000.0,2700.0,2400.0,64000.0,188100.0,59.4,,,,2.6,1.4,1.3,34.0
Richmond upon Thames,2014,E09000027,112500.0,,,,6300.0,2500.0,2600.0,63000.0,190700.0,59.0,,,,3.3,1.3,1.4,33.0
Richmond upon Thames,2015,E09000027,111700.0,,3700.0,,5900.0,2800.0,7200.0,56900.0,191600.0,58.3,,2.0,,3.1,1.5,3.8,29.7
Richmond upon Thames,2016,E09000027,102000.0,,2800.0,,4000.0,,16000.0,67400.0,192300.0,53.1,,1.5,,2.1,,8.3,35.1
Richmond upon Thames,2017,E09000027,100800.0,3500.0,2800.0,2900.0,6600.0,,13000.0,61600.0,191200.0,52.7,1.8,1.5,1.5,3.5,,6.8,32.2
Richmond upon Thames,2018,E09000027,99200.0,,,4000.0,7000.0,,14200.0,69200.0,193600.0,51.3,,,2.1,3.6,,7.3,35.8
Southwark,2004,E09000028,171600.0,5300.0,,,17400.0,,6400.0,45300.0,245900.0,69.8,2.1,,,7.1,,2.6,18.4
Southwark,2005,E09000028,172700.0,7500.0,,,25100.0,,10600.0,43700.0,259600.0,66.5,2.9,,,9.7,,4.1,16.8
Southwark,2006,E09000028,150300.0,5600.0,3400.0,,36900.0,,15000.0,52800.0,264100.0,56.9,2.1,1.3,,14.0,,5.7,20.0
Southwark,2007,E09000028,160400.0,3900.0,3300.0,,29500.0,,10100.0,63000.0,270300.0,59.4,1.5,1.2,,10.9,,3.7,23.3
Southwark,2008,E09000028,163900.0,,,3200.0,23500.0,,10200.0,73100.0,274000.0,59.8,,,1.2,8.6,,3.7,26.7
Southwark,2009,E09000028,178500.0,,,,27800.0,,12700.0,59300.0,278300.0,64.2,,,,10.0,,4.6,21.3
Southwark,2010,E09000028,178000.0,,5500.0,,26000.0,,12200.0,59500.0,281100.0,63.3,,1.9,,9.2,,4.3,21.2
Southwark,2011,E09000028,156400.0,5900.0,4400.0,,23500.0,,6300.0,87500.0,284100.0,55.1,2.1,1.6,,8.3,,2.2,30.8
Southwark,2012,E09000028,151200.0,5500.0,3700.0,,29500.0,,,96100.0,289200.0,52.3,1.9,1.3,,10.2,,,33.2
Southwark,2013,E09000028,160300.0,5300.0,3900.0,,31000.0,,,90700.0,294200.0,54.5,1.8,1.3,,10.5,,,30.8
Southwark,2014,E09000028,154400.0,4500.0,4800.0,,34800.0,,3100.0,96000.0,299900.0,51.5,1.5,1.6,,11.6,,1.0,32.0
Southwark,2015,E09000028,161100.0,4100.0,4100.0,,24800.0,,5200.0,104700.0,305100.0,52.8,1.3,1.4,,8.1,,1.7,34.3
Southwark,2016,E09000028,154800.0,4800.0,7000.0,,27800.0,,5100.0,109000.0,308500.0,50.2,1.6,2.3,,9.0,,1.7,35.3
Southwark,2017,E09000028,162300.0,,,,21200.0,,6400.0,120800.0,310700.0,52.2,,,,6.8,,2.1,38.9
Southwark,2018,E09000028,159300.0,,,,18300.0,,7700.0,130000.0,315300.0,50.5,,,,5.8,,2.4,41.2
Sutton,2004,E09000029,132500.0,,4800.0,,,,4600.0,31200.0,173100.0,76.6,,2.7,,,,2.7,18.0
Sutton,2005,E09000029,129700.0,,7300.0,,3200.0,,3200.0,36900.0,180400.0,71.9,,4.0,,1.8,,1.8,20.5
Sutton,2006,E09000029,125400.0,3400.0,3500.0,,6600.0,,8000.0,34500.0,181400.0,69.1,1.9,1.9,,3.6,,4.4,19.0
Sutton,2007,E09000029,115100.0,2900.0,4900.0,,9000.0,,11000.0,38600.0,181600.0,63.4,1.6,2.7,,5.0,,6.1,21.2
Sutton,2008,E09000029,123900.0,,4800.0,,3100.0,,7500.0,44600.0,183900.0,67.4,,2.6,,1.7,,4.1,24.3
Sutton,2009,E09000029,120200.0,3600.0,6200.0,,8500.0,,5500.0,42800.0,186700.0,64.4,1.9,3.3,,4.5,,2.9,22.9
Sutton,2010,E09000029,122900.0,3500.0,7400.0,,6600.0,,3400.0,44100.0,187900.0,65.4,1.9,3.9,,3.5,,1.8,23.5
Sutton,2011,E09000029,118000.0,3500.0,6000.0,,4200.0,,2900.0,54100.0,188700.0,62.5,1.8,3.2,,2.2,,1.5,28.6
Sutton,2012,E09000029,115700.0,2800.0,8800.0,,9400.0,,,52400.0,191700.0,60.4,1.5,4.6,,4.9,,,27.3
Sutton,2013,E09000029,111000.0,,9200.0,,12900.0,,,58500.0,194300.0,57.1,,4.7,,6.6,,,30.1
Sutton,2014,E09000029,106000.0,,12600.0,,8100.0,,,65900.0,196400.0,54.0,,6.4,,4.1,,,33.5
Sutton,2015,E09000029,104000.0,,9700.0,,12900.0,,,67100.0,198200.0,52.5,,4.9,,6.5,,,33.9
Sutton,2016,E09000029,115200.0,,10300.0,,14500.0,,6000.0,53300.0,199400.0,57.8,,5.2,,7.3,,3.0,26.8
Sutton,2017,E09000029,106300.0,,15400.0,,17900.0,,2500.0,58100.0,200200.0,53.1,,7.7,,8.9,,1.3,29.0
Sutton,2018,E09000029,99100.0,,16700.0,,14700.0,,4300.0,68300.0,203000.0,48.8,,8.2,,7.3,,2.1,33.6
Tower Hamlets,2004,E09000030,90900.0,,,1700.0,76700.0,,4500.0,29200.0,203100.0,44.8,,,0.8,37.8,,2.2,14.4
Tower Hamlets,2005,E09000030,87200.0,,2700.0,1800.0,90400.0,,2800.0,27100.0,211900.0,41.1,,1.3,0.9,42.6,,1.3,12.8
Tower Hamlets,2006,E09000030,76100.0,2300.0,,,95900.0,,5600.0,36600.0,216400.0,35.1,1.1,,,44.3,,2.6,16.9
Tower Hamlets,2007,E09000030,91100.0,,2800.0,,90100.0,,5300.0,33300.0,222600.0,40.9,,1.2,,40.5,,2.4,15.0
Tower Hamlets,2008,E09000030,91800.0,2600.0,3400.0,,99700.0,,3400.0,29200.0,230100.0,39.9,1.1,1.5,,43.3,,1.5,12.7
Tower Hamlets,2009,E09000030,85700.0,,,,113200.0,,6200.0,32600.0,237800.0,36.0,,,,47.6,,2.6,13.7
Tower Hamlets,2010,E09000030,82900.0,,6500.0,,113600.0,,7300.0,35100.0,245500.0,33.8,,2.6,,46.3,,3.0,14.3
Tower Hamlets,2011,E09000030,72100.0,2800.0,5000.0,,114400.0,,6800.0,49400.0,250500.0,28.8,1.1,2.0,,45.7,,2.7,19.7
Tower Hamlets,2012,E09000030,76100.0,6300.0,7200.0,,109200.0,,7200.0,52400.0,260600.0,29.2,2.4,2.8,,41.9,,2.8,20.1
Tower Hamlets,2013,E09000030,79600.0,5000.0,4600.0,,118100.0,,4800.0,57800.0,272300.0,29.2,1.8,1.7,,43.4,,1.8,21.2
Tower Hamlets,2014,E09000030,78800.0,4300.0,5600.0,,129100.0,,,60800.0,283300.0,27.8,1.5,2.0,,45.6,,,21.4
Tower Hamlets,2015,E09000030,82800.0,,8100.0,,133200.0,,,59900.0,290900.0,28.5,,2.8,,45.8,,,20.6
Tower Hamlets,2016,E09000030,88000.0,,,,122900.0,,16700.0,70800.0,298500.0,29.5,,,,41.2,,5.6,23.7
Tower Hamlets,2017,E09000030,79500.0,,10600.0,,123400.0,,9500.0,81400.0,304400.0,26.1,,3.5,,40.5,,3.1,26.7
Tower Hamlets,2018,E09000030,86200.0,,8700.0,,123700.0,,10900.0,84600.0,314000.0,27.5,,2.8,,39.4,,3.5,26.9
Waltham Forest,2004,E09000031,129000.0,,3900.0,,44000.0,,2400.0,34700.0,214000.0,60.3,,1.8,,20.6,,1.1,16.2
Waltham Forest,2005,E09000031,134700.0,,4200.0,,54400.0,,3900.0,27900.0,225100.0,59.8,,1.9,,24.2,,1.7,12.4
Waltham Forest,2006,E09000031,133500.0,3000.0,6300.0,,43600.0,,4000.0,38300.0,228600.0,58.4,1.3,2.8,,19.1,,1.8,16.7
Waltham Forest,2007,E09000031,138400.0,,5800.0,,52800.0,,5900.0,30800.0,233700.0,59.2,,2.5,,22.6,,2.5,13.2
Waltham Forest,2008,E09000031,134700.0,,4500.0,,58600.0,,5600.0,37000.0,240400.0,56.0,,1.9,,24.4,,2.3,15.4
Waltham Forest,2009,E09000031,138700.0,,8800.0,,47100.0,,6500.0,45400.0,246500.0,56.3,,3.6,,19.1,,2.7,18.4
Waltham Forest,2010,E09000031,150600.0,,6500.0,,44500.0,,9400.0,41100.0,252200.0,59.7,,2.6,,17.7,,3.7,16.3
Waltham Forest,2011,E09000031,139900.0,,8400.0,,48200.0,5600.0,7800.0,44100.0,254000.0,55.1,,3.3,,19.0,2.2,3.1,17.4
Waltham Forest,2012,E09000031,142100.0,,7000.0,,56600.0,,,47500.0,260500.0,54.5,,2.7,,21.7,,,18.2
Waltham Forest,2013,E09000031,143000.0,,8400.0,,58000.0,,3100.0,47800.0,263700.0,54.2,,3.2,,22.0,,1.2,18.1
Waltham Forest,2014,E09000031,127400.0,,,,70800.0,,4400.0,54000.0,265500.0,48.0,,,,26.7,,1.7,20.3
Waltham Forest,2015,E09000031,135500.0,5800.0,5200.0,,55100.0,,,61800.0,267500.0,50.7,2.2,1.9,,20.6,,,23.1
Waltham Forest,2016,E09000031,143600.0,5300.0,,,52200.0,,9400.0,61200.0,271700.0,52.9,1.9,,,19.2,,3.5,22.5
Waltham Forest,2017,E09000031,131000.0,4300.0,4500.0,,56300.0,,4600.0,72400.0,273000.0,48.0,1.6,1.7,,20.6,,1.7,26.5
Waltham Forest,2018,E09000031,109100.0,,,4100.0,62300.0,,13000.0,87200.0,275700.0,39.6,,,1.5,22.6,,4.7,31.6
Wandsworth,2004,E09000032,181800.0,,8700.0,,15700.0,,16000.0,40200.0,262400.0,69.3,,3.3,,6.0,,6.1,15.3
Wandsworth,2005,E09000032,184700.0,,4400.0,,23400.0,,17800.0,47400.0,277600.0,66.5,,1.6,,8.4,,6.4,17.1
Wandsworth,2006,E09000032,179100.0,,,,19400.0,,20300.0,64200.0,283000.0,63.3,,,,6.9,,7.2,22.7
Wandsworth,2007,E09000032,198900.0,,,,22000.0,,13500.0,53700.0,288100.0,69.1,,,,7.6,,4.7,18.6
Wandsworth,2008,E09000032,190800.0,,8700.0,,19600.0,,9500.0,61000.0,289700.0,65.9,,3.0,,6.8,,3.3,21.1
Wandsworth,2009,E09000032,176000.0,,,,24400.0,,15100.0,80000.0,295400.0,59.6,,,,8.3,,5.1,27.1
Wandsworth,2010,E09000032,183800.0,,10200.0,,32400.0,,13000.0,59300.0,298800.0,61.5,,3.4,,10.8,,4.4,19.9
Wandsworth,2011,E09000032,177700.0,,6000.0,,28100.0,,7400.0,82400.0,301600.0,58.9,,2.0,,9.3,,2.5,27.3
Wandsworth,2012,E09000032,185000.0,,6000.0,,22500.0,,4800.0,82300.0,304700.0,60.7,,2.0,,7.4,,1.6,27.0
Wandsworth,2013,E09000032,170800.0,,11800.0,,15600.0,,6300.0,97500.0,305800.0,55.8,,3.8,,5.1,,2.0,31.9
Wandsworth,2014,E09000032,138800.0,,9300.0,,32100.0,,8400.0,116300.0,308000.0,45.1,,3.0,,10.4,,2.7,37.7
Wandsworth,2015,E09000032,149000.0,4100.0,9000.0,,28700.0,,8900.0,105900.0,307300.0,48.5,1.3,2.9,,9.3,,2.9,34.4
Wandsworth,2016,E09000032,160200.0,,,,27300.0,,16000.0,111000.0,314500.0,50.9,,,,8.7,,5.1,35.3
Wandsworth,2017,E09000032,161800.0,,10400.0,,19600.0,,14000.0,111700.0,317400.0,51.0,,3.3,,6.2,,4.4,35.2
Wandsworth,2018,E09000032,171300.0,,,,20300.0,,14600.0,113500.0,319700.0,53.6,,,,6.3,,4.6,35.5
Westminster,2004,E09000033,118100.0,,4500.0,8200.0,37500.0,,5100.0,31200.0,204500.0,57.7,,2.2,4.0,18.3,,2.5,15.2
Westminster,2005,E09000033,116700.0,,3400.0,8300.0,40800.0,,7900.0,35700.0,212800.0,54.9,,1.6,3.9,19.2,,3.7,16.8
Westminster,2006,E09000033,120200.0,,6100.0,5600.0,50500.0,,6300.0,28300.0,217000.0,55.4,,2.8,2.6,23.3,,2.9,13.1
Westminster,2007,E09000033,114400.0,,7400.0,8700.0,52400.0,,5100.0,30600.0,218600.0,52.3,,3.4,4.0,24.0,,2.4,14.0
Westminster,2008,E09000033,110700.0,7600.0,,7600.0,46100.0,,6300.0,35000.0,213300.0,51.9,3.6,,3.5,21.6,,2.9,16.4
Westminster,2009,E09000033,114200.0,6700.0,,10600.0,43200.0,,4700.0,35100.0,214500.0,53.2,3.1,,4.9,20.1,,2.2,16.4
Westminster,2010,E09000033,98200.0,4400.0,3300.0,6500.0,48000.0,,5600.0,47400.0,213400.0,46.0,2.1,1.5,3.1,22.5,,2.6,22.2
Westminster,2011,E09000033,94000.0,3000.0,6200.0,9200.0,46800.0,,5000.0,53100.0,217400.0,43.2,1.4,2.8,4.2,21.5,,2.3,24.4
Westminster,2012,E09000033,89700.0,3500.0,5500.0,10200.0,52900.0,,2100.0,58000.0,222600.0,40.3,1.6,2.4,4.6,23.8,,1.0,26.1
Westminster,2013,E09000033,95100.0,4100.0,5000.0,8400.0,49400.0,,4400.0,55700.0,222400.0,42.7,1.9,2.2,3.8,22.2,,2.0,25.0
Westminster,2014,E09000033,90700.0,4800.0,2300.0,8200.0,45100.0,,4200.0,70300.0,226000.0,40.1,2.1,1.0,3.6,20.0,,1.9,31.1
Westminster,2015,E09000033,112100.0,4700.0,3700.0,5800.0,44400.0,,4400.0,55400.0,230700.0,48.6,2.0,1.6,2.5,19.2,,1.9,24.0
Westminster,2016,E09000033,96400.0,2600.0,5700.0,4600.0,52600.0,,5000.0,68500.0,235500.0,40.9,1.1,2.4,2.0,22.3,,2.1,29.1
Westminster,2017,E09000033,97300.0,,3500.0,5300.0,50900.0,,8200.0,65200.0,230400.0,42.3,,1.5,2.3,22.1,,3.6,28.3
Westminster,2018,E09000033,92800.0,,5700.0,7500.0,43200.0,,7900.0,83300.0,240400.0,38.6,,2.4,3.1,18.0,,3.3,34.7
