,,Code,Total,United Kingdom,Non-United Kingdom,European Union,European Union,European Union,European Union,European Union,Non-European Union,Non-European Union,Non-European Union,Non-European Union,Non-European Union,Non-European Union,Non-European Union,Non-European Union,Non-European Union,Non-European Union,Non-European Union,Non-European Union,Non-European Union
,,,,,,European Union,European Union EU14,European Union EU8,European Union EU2,European Union Other,All,Other Europe,Asia,Asia,Asia,Asia,Asia,Rest of the World,Rest of the World,Rest of the World,Rest of the World,Rest of the World,Rest of the World
,,,,,,,,,,,,,All,Middle East and Central Asia,East Asia,South Asia,South East Asia,All,Sub-Saharan Africa,North Africa,North America,Central and South America,Oceania
Borough,Year,,,,,,,,,,,,,,,,,,,,,,
Barking and Dagenham,2004,E09000002,165.0,133.0,32.0,6.0,3.0,2.0,,1.0,26.0,2.0,12.0,1.0,1.0,9.0,1.0,12.0,9.0,,,2.0,
Barking and Dagenham,2005,E09000002,165.0,131.0,34.0,7.0,5.0,1.0,,1.0,27.0,3.0,10.0,1.0,2.0,6.0,1.0,14.0,11.0,,,3.0,
Barking and Dagenham,2006,E09000002,166.0,131.0,35.0,4.0,3.0,1.0,,1.0,31.0,5.0,11.0,1.0,0.0,9.0,1.0,15.0,11.0,,1.0,3.0,
Barking and Dagenham,2007,E09000002,168.0,128.0,40.0,9.0,3.0,4.0,1.0,1.0,31.0,3.0,10.0,1.0,,8.0,1.0,18.0,13.0,1.0,1.0,3.0,
Barking and Dagenham,2008,E09000002,171.0,123.0,48.0,11.0,2.0,7.0,1.0,1.0,37.0,2.0,13.0,,1.0,11.0,1.0,21.0,17.0,,,4.0,
Barking and Dagenham,2009,E09000002,177.0,121.0,55.0,12.0,6.0,6.0,,,42.0,3.0,13.0,1.0,1.0,11.0,,26.0,19.0,1.0,1.0,4.0,
Barking and Dagenham,2010,E09000002,182.0,124.0,58.0,13.0,6.0,6.0,,,45.0,3.0,15.0,1.0,,11.0,3.0,27.0,23.0,1.0,1.0,2.0,
Barking and Dagenham,2011,E09000002,186.0,124.0,62.0,18.0,6.0,10.0,2.0,,44.0,2.0,16.0,1.0,,12.0,2.0,26.0,23.0,1.0,,2.0,
Barking and Dagenham,2012,E09000002,190.0,134.0,55.0,11.0,3.0,7.0,1.0,0.0,44.0,3.0,15.0,0.0,1.0,13.0,2.0,25.0,21.0,1.0,1.0,2.0,
Barking and Dagenham,2013,E09000002,193.0,123.0,69.0,19.0,5.0,11.0,2.0,1.0,50.0,3.0,20.0,,2.0,15.0,3.0,28.0,23.0,,,4.0,
Barking and Dagenham,2014,E09000002,197.0,123.0,73.0,24.0,5.0,14.0,5.0,1.0,49.0,3.0,19.0,1.0,1.0,15.0,2.0,27.0,22.0,2.0,,2.0,
Barking and Dagenham,2015,E09000002,201.0,125.0,76.0,24.0,7.0,11.0,6.0,1.0,52.0,3.0,22.0,2.0,1.0,17.0,1.0,28.0,24.0,,1.0,2.0,
Barking and Dagenham,2016,E09000002,206.0,129.0,77.0,22.0,5.0,9.0,7.0,1.0,55.0,4.0,26.0,1.0,1.0,19.0,4.0,25.0,21.0,,,3.0,
Barking and Dagenham,2017,E09000002,210.0,130.0,80.0,24.0,7.0,10.0,7.0,,56.0,5.0,29.0,2.0,,25.0,2.0,22.0,19.0,,,3.0,
Barking and Dagenham,2018,E09000002,215.0,136.0,79.0,25.0,5.0,10.0,9.0,,54.0,3.0,31.0,1.0,,28.0,1.0,20.0,15.0,1.0,,3.0,
Barnet,2004,E09000003,320.0,217.0,103.0,25.0,16.0,5.0,,3.0,79.0,4.0,34.0,8.0,5.0,16.0,5.0,40.0,25.0,,4.0,7.0,4.0
Barnet,2005,E09000003,324.0,211.0,112.0,34.0,20.0,9.0,,5.0,78.0,4.0,38.0,7.0,6.0,19.0,6.0,36.0,24.0,,4.0,6.0,1.0
Barnet,2006,E09000003,329.0,211.0,117.0,38.0,20.0,14.0,,4.0,78.0,8.0,37.0,14.0,4.0,17.0,1.0,34.0,18.0,2.0,5.0,7.0,3.0
Barnet,2007,E09000003,331.0,223.0,107.0,30.0,19.0,8.0,,2.0,77.0,10.0,39.0,10.0,5.0,22.0,1.0,28.0,15.0,1.0,3.0,6.0,3.0
Barnet,2008,E09000003,336.0,231.0,105.0,29.0,15.0,10.0,2.0,3.0,76.0,6.0,38.0,12.0,7.0,16.0,2.0,32.0,18.0,1.0,4.0,5.0,3.0
Barnet,2009,E09000003,343.0,228.0,112.0,41.0,17.0,15.0,5.0,3.0,72.0,6.0,38.0,20.0,3.0,12.0,3.0,27.0,18.0,2.0,4.0,3.0,
Barnet,2010,E09000003,348.0,225.0,122.0,39.0,14.0,20.0,2.0,3.0,83.0,4.0,47.0,11.0,5.0,21.0,11.0,31.0,18.0,5.0,3.0,4.0,1.0
Barnet,2011,E09000003,355.0,228.0,125.0,40.0,16.0,15.0,8.0,2.0,85.0,6.0,49.0,17.0,8.0,15.0,9.0,30.0,22.0,3.0,2.0,,2.0
Barnet,2012,E09000003,361.0,223.0,137.0,38.0,17.0,11.0,9.0,2.0,99.0,9.0,62.0,22.0,6.0,21.0,13.0,28.0,20.0,,4.0,2.0,
Barnet,2013,E09000003,367.0,234.0,131.0,41.0,18.0,17.0,5.0,1.0,89.0,9.0,47.0,20.0,9.0,14.0,5.0,34.0,22.0,3.0,4.0,4.0,
Barnet,2014,E09000003,373.0,239.0,134.0,49.0,19.0,13.0,15.0,3.0,84.0,7.0,54.0,23.0,6.0,21.0,4.0,23.0,10.0,3.0,3.0,5.0,1.0
Barnet,2015,E09000003,378.0,245.0,133.0,50.0,25.0,14.0,8.0,3.0,83.0,7.0,46.0,17.0,5.0,17.0,7.0,31.0,19.0,4.0,3.0,4.0,
Barnet,2016,E09000003,385.0,235.0,150.0,49.0,23.0,7.0,14.0,5.0,101.0,11.0,60.0,24.0,11.0,21.0,4.0,29.0,16.0,2.0,3.0,6.0,2.0
Barnet,2017,E09000003,391.0,247.0,144.0,59.0,20.0,12.0,23.0,4.0,85.0,13.0,39.0,14.0,8.0,13.0,5.0,33.0,16.0,,7.0,8.0,2.0
Barnet,2018,E09000003,391.0,243.0,148.0,49.0,20.0,12.0,15.0,2.0,99.0,5.0,56.0,20.0,11.0,19.0,6.0,38.0,22.0,3.0,4.0,6.0,2.0
Bexley,2004,E09000004,220.0,200.0,20.0,6.0,5.0,,,1.0,14.0,,6.0,,,5.0,1.0,7.0,5.0,,,1.0,
Bexley,2005,E09000004,221.0,200.0,21.0,5.0,4.0,,,1.0,16.0,,6.0,,1.0,4.0,1.0,10.0,6.0,,,2.0,
Bexley,2006,E09000004,222.0,197.0,25.0,5.0,3.0,1.0,,,21.0,1.0,9.0,,,7.0,1.0,11.0,8.0,,,2.0,
Bexley,2007,E09000004,223.0,200.0,24.0,6.0,5.0,1.0,,,17.0,,5.0,,,4.0,1.0,11.0,10.0,,,1.0,
Bexley,2008,E09000004,226.0,199.0,27.0,6.0,6.0,,,,20.0,1.0,5.0,,1.0,4.0,,14.0,11.0,,,3.0,
Bexley,2009,E09000004,227.0,208.0,19.0,6.0,3.0,2.0,,,13.0,2.0,4.0,,,4.0,,8.0,6.0,,,1.0,
Bexley,2010,E09000004,230.0,202.0,27.0,8.0,5.0,2.0,1.0,,19.0,1.0,6.0,,1.0,4.0,,13.0,8.0,,1.0,3.0,1.0
Bexley,2011,E09000004,232.0,198.0,33.0,10.0,5.0,4.0,1.0,,23.0,1.0,9.0,1.0,2.0,5.0,,13.0,9.0,,1.0,2.0,
Bexley,2012,E09000004,233.0,197.0,36.0,7.0,2.0,4.0,,,29.0,2.0,7.0,1.0,1.0,3.0,1.0,19.0,13.0,,,5.0,
Bexley,2013,E09000004,235.0,196.0,38.0,11.0,3.0,7.0,1.0,,27.0,2.0,7.0,2.0,,2.0,1.0,18.0,13.0,,1.0,3.0,
Bexley,2014,E09000004,236.0,198.0,38.0,9.0,5.0,3.0,,,29.0,2.0,7.0,1.0,2.0,3.0,2.0,20.0,14.0,,2.0,4.0,
Bexley,2015,E09000004,242.0,202.0,39.0,10.0,4.0,3.0,2.0,1.0,29.0,4.0,9.0,,1.0,6.0,1.0,16.0,10.0,,1.0,4.0,1.0
Bexley,2016,E09000004,244.0,196.0,48.0,14.0,7.0,5.0,,2.0,34.0,3.0,13.0,,3.0,9.0,,18.0,15.0,,,2.0,
Bexley,2017,E09000004,247.0,208.0,38.0,10.0,3.0,3.0,3.0,1.0,29.0,4.0,9.0,,2.0,7.0,,16.0,13.0,,,3.0,
Bexley,2018,E09000004,249.0,207.0,42.0,16.0,5.0,9.0,2.0,,26.0,2.0,11.0,1.0,,10.0,,12.0,10.0,,,2.0,
Brent,2004,E09000005,267.0,143.0,123.0,29.0,23.0,6.0,,1.0,94.0,6.0,36.0,6.0,1.0,28.0,1.0,52.0,31.0,2.0,,12.0,6.0
Brent,2005,E09000005,269.0,141.0,127.0,26.0,21.0,3.0,,2.0,101.0,3.0,44.0,6.0,,36.0,2.0,54.0,35.0,,1.0,14.0,3.0
Brent,2006,E09000005,275.0,135.0,139.0,26.0,13.0,11.0,,2.0,113.0,7.0,55.0,12.0,,41.0,2.0,51.0,32.0,2.0,1.0,16.0,
Brent,2007,E09000005,282.0,138.0,144.0,31.0,14.0,12.0,5.0,,113.0,4.0,59.0,16.0,2.0,38.0,3.0,49.0,18.0,,3.0,24.0,4.0
Brent,2008,E09000005,289.0,133.0,155.0,39.0,19.0,14.0,5.0,1.0,117.0,3.0,58.0,13.0,3.0,37.0,5.0,56.0,24.0,4.0,,26.0,2.0
Brent,2009,E09000005,296.0,139.0,157.0,45.0,17.0,13.0,13.0,2.0,113.0,2.0,54.0,12.0,2.0,36.0,4.0,56.0,30.0,3.0,2.0,20.0,
Brent,2010,E09000005,303.0,136.0,167.0,44.0,19.0,15.0,10.0,,122.0,6.0,65.0,13.0,1.0,41.0,9.0,52.0,33.0,2.0,2.0,15.0,
Brent,2011,E09000005,310.0,128.0,182.0,46.0,26.0,9.0,11.0,,136.0,3.0,72.0,12.0,3.0,52.0,5.0,61.0,36.0,6.0,1.0,18.0,
Brent,2012,E09000005,313.0,136.0,176.0,48.0,22.0,13.0,13.0,,129.0,2.0,75.0,15.0,2.0,51.0,7.0,52.0,30.0,3.0,2.0,15.0,1.0
Brent,2013,E09000005,317.0,144.0,170.0,45.0,23.0,11.0,10.0,,126.0,3.0,76.0,19.0,1.0,49.0,6.0,47.0,29.0,3.0,1.0,12.0,2.0
Brent,2014,E09000005,322.0,141.0,179.0,53.0,23.0,19.0,10.0,1.0,126.0,6.0,75.0,16.0,2.0,50.0,6.0,46.0,28.0,3.0,3.0,10.0,2.0
Brent,2015,E09000005,323.0,145.0,174.0,39.0,19.0,11.0,9.0,,135.0,4.0,74.0,15.0,1.0,52.0,7.0,56.0,35.0,5.0,4.0,10.0,2.0
Brent,2016,E09000005,329.0,148.0,180.0,55.0,27.0,18.0,9.0,,126.0,4.0,72.0,15.0,1.0,50.0,6.0,49.0,30.0,5.0,3.0,8.0,3.0
Brent,2017,E09000005,333.0,155.0,178.0,56.0,21.0,12.0,22.0,,122.0,4.0,67.0,14.0,,48.0,3.0,51.0,37.0,4.0,1.0,8.0,1.0
Brent,2018,E09000005,328.0,158.0,171.0,50.0,24.0,12.0,14.0,,121.0,3.0,68.0,22.0,4.0,40.0,2.0,50.0,29.0,6.0,,12.0,2.0
Bromley,2004,E09000006,295.0,264.0,31.0,8.0,8.0,,,,22.0,2.0,6.0,,,5.0,1.0,14.0,7.0,,2.0,2.0,2.0
Bromley,2005,E09000006,297.0,253.0,44.0,10.0,8.0,1.0,,1.0,34.0,3.0,9.0,,,7.0,1.0,23.0,11.0,1.0,3.0,5.0,2.0
Bromley,2006,E09000006,299.0,265.0,35.0,12.0,8.0,3.0,,,23.0,1.0,6.0,1.0,1.0,3.0,1.0,15.0,10.0,,2.0,3.0,1.0
Bromley,2007,E09000006,300.0,264.0,36.0,13.0,10.0,2.0,,1.0,23.0,4.0,8.0,1.0,1.0,4.0,2.0,11.0,8.0,,1.0,2.0,
Bromley,2008,E09000006,303.0,264.0,38.0,11.0,7.0,3.0,,,28.0,4.0,6.0,,1.0,4.0,1.0,18.0,11.0,,2.0,5.0,
Bromley,2009,E09000006,304.0,270.0,35.0,8.0,6.0,1.0,,,27.0,2.0,6.0,,,2.0,2.0,19.0,12.0,,1.0,3.0,2.0
Bromley,2010,E09000006,306.0,267.0,39.0,8.0,7.0,1.0,,,31.0,3.0,11.0,,,7.0,3.0,17.0,11.0,,,2.0,3.0
Bromley,2011,E09000006,308.0,259.0,49.0,11.0,6.0,4.0,,1.0,38.0,5.0,16.0,4.0,2.0,8.0,2.0,17.0,11.0,1.0,1.0,3.0,1.0
Bromley,2012,E09000006,312.0,262.0,50.0,13.0,8.0,4.0,,1.0,37.0,5.0,17.0,4.0,5.0,8.0,2.0,14.0,8.0,,2.0,3.0,
Bromley,2013,E09000006,314.0,265.0,49.0,10.0,7.0,2.0,1.0,,39.0,5.0,17.0,2.0,2.0,11.0,2.0,17.0,8.0,1.0,2.0,4.0,2.0
Bromley,2014,E09000006,316.0,262.0,54.0,18.0,8.0,7.0,2.0,1.0,36.0,4.0,17.0,2.0,,11.0,3.0,15.0,8.0,,2.0,3.0,2.0
Bromley,2015,E09000006,322.0,263.0,59.0,17.0,9.0,7.0,,1.0,41.0,4.0,16.0,5.0,2.0,8.0,,21.0,10.0,1.0,3.0,5.0,2.0
Bromley,2016,E09000006,326.0,275.0,52.0,20.0,10.0,6.0,3.0,,32.0,5.0,11.0,1.0,2.0,7.0,,16.0,8.0,,3.0,3.0,1.0
Bromley,2017,E09000006,330.0,279.0,51.0,17.0,9.0,5.0,3.0,,34.0,4.0,17.0,3.0,1.0,9.0,3.0,14.0,8.0,,1.0,3.0,1.0
Bromley,2018,E09000006,332.0,272.0,60.0,20.0,9.0,4.0,6.0,,40.0,3.0,15.0,2.0,,9.0,4.0,21.0,13.0,,2.0,3.0,3.0
Camden,2004,E09000007,203.0,126.0,77.0,16.0,13.0,3.0,,1.0,61.0,5.0,22.0,3.0,5.0,12.0,2.0,34.0,14.0,2.0,7.0,4.0,6.0
Camden,2005,E09000007,207.0,129.0,77.0,17.0,15.0,2.0,,,61.0,6.0,23.0,4.0,2.0,12.0,5.0,31.0,17.0,2.0,6.0,5.0,2.0
Camden,2006,E09000007,207.0,123.0,84.0,20.0,18.0,2.0,,,64.0,5.0,25.0,6.0,3.0,13.0,3.0,35.0,14.0,3.0,7.0,7.0,3.0
Camden,2007,E09000007,208.0,126.0,82.0,22.0,18.0,3.0,,1.0,60.0,2.0,24.0,7.0,4.0,9.0,4.0,34.0,15.0,2.0,7.0,5.0,5.0
Camden,2008,E09000007,207.0,124.0,82.0,26.0,23.0,2.0,,1.0,56.0,2.0,22.0,7.0,6.0,6.0,3.0,32.0,13.0,2.0,6.0,6.0,5.0
Camden,2009,E09000007,210.0,124.0,86.0,27.0,20.0,4.0,,3.0,59.0,5.0,27.0,8.0,5.0,9.0,4.0,27.0,13.0,1.0,6.0,4.0,4.0
Camden,2010,E09000007,212.0,134.0,78.0,29.0,23.0,4.0,,1.0,49.0,4.0,17.0,4.0,3.0,8.0,3.0,27.0,11.0,1.0,7.0,3.0,5.0
Camden,2011,E09000007,218.0,133.0,81.0,23.0,19.0,2.0,,1.0,59.0,5.0,24.0,5.0,3.0,12.0,4.0,30.0,13.0,1.0,8.0,3.0,3.0
Camden,2012,E09000007,223.0,127.0,95.0,20.0,15.0,4.0,,,75.0,9.0,34.0,10.0,7.0,10.0,7.0,31.0,15.0,1.0,9.0,2.0,4.0
Camden,2013,E09000007,226.0,128.0,98.0,28.0,19.0,7.0,1.0,1.0,70.0,7.0,34.0,8.0,6.0,15.0,5.0,29.0,12.0,1.0,9.0,4.0,3.0
Camden,2014,E09000007,230.0,133.0,97.0,35.0,26.0,6.0,,2.0,62.0,4.0,29.0,6.0,5.0,10.0,7.0,29.0,14.0,1.0,8.0,3.0,3.0
Camden,2015,E09000007,237.0,137.0,98.0,30.0,23.0,2.0,1.0,3.0,68.0,8.0,25.0,4.0,7.0,10.0,3.0,35.0,18.0,2.0,7.0,5.0,3.0
Camden,2016,E09000007,246.0,136.0,110.0,33.0,27.0,4.0,1.0,2.0,76.0,7.0,29.0,7.0,6.0,12.0,4.0,40.0,18.0,4.0,8.0,6.0,5.0
Camden,2017,E09000007,250.0,142.0,109.0,34.0,27.0,4.0,1.0,2.0,75.0,10.0,26.0,5.0,7.0,9.0,5.0,38.0,12.0,1.0,11.0,6.0,9.0
Camden,2018,E09000007,256.0,146.0,108.0,36.0,29.0,4.0,2.0,,72.0,9.0,29.0,4.0,6.0,16.0,3.0,34.0,14.0,2.0,6.0,8.0,5.0
City of London,2004,E09000001,,,,,,,,,,,,,,,,,,,,,
City of London,2005,E09000001,,,,,,,,,,,,,,,,,,,,,
City of London,2006,E09000001,,,,,,,,,,,,,,,,,,,,,
City of London,2007,E09000001,,,,,,,,,,,,,,,,,,,,,
City of London,2008,E09000001,,,,,,,,,,,,,,,,,,,,,
City of London,2009,E09000001,,,,,,,,,,,,,,,,,,,,,
City of London,2010,E09000001,,,,,,,,,,,,,,,,,,,,,
City of London,2011,E09000001,,,,,,,,,,,,,,,,,,,,,
City of London,2012,E09000001,,,,,,,,,,,,,,,,,,,,,
City of London,2013,E09000001,,,,,,,,,,,,,,,,,,,,,
City of London,2014,E09000001,,,,,,,,,,,,,,,,,,,,,
City of London,2015,E09000001,,,,,,,,,,,,,,,,,,,,,
City of London,2016,E09000001,,,,,,,,,,,,,,,,,,,,,
City of London,2017,E09000001,,,,,,,,,,,,,,,,,,,,,
City of London,2018,E09000001,,,,,,,,,,,,,,,,,,,,,
Croydon,2004,E09000008,334.0,260.0,74.0,15.0,10.0,2.0,,3.0,59.0,2.0,25.0,4.0,2.0,16.0,3.0,32.0,20.0,,1.0,9.0,1.0
Croydon,2005,E09000008,336.0,259.0,77.0,15.0,10.0,2.0,,3.0,62.0,4.0,25.0,4.0,1.0,15.0,4.0,32.0,18.0,,1.0,12.0,
Croydon,2006,E09000008,337.0,255.0,82.0,17.0,9.0,7.0,,,65.0,2.0,26.0,,2.0,20.0,3.0,37.0,23.0,1.0,,11.0,1.0
Croydon,2007,E09000008,341.0,255.0,86.0,23.0,10.0,12.0,,1.0,63.0,2.0,24.0,,2.0,18.0,4.0,37.0,20.0,,1.0,14.0,2.0
Croydon,2008,E09000008,346.0,260.0,86.0,16.0,9.0,4.0,3.0,,70.0,3.0,23.0,3.0,,14.0,6.0,45.0,25.0,,1.0,17.0,2.0
Croydon,2009,E09000008,350.0,247.0,102.0,24.0,16.0,6.0,,,78.0,2.0,21.0,2.0,,15.0,4.0,56.0,34.0,,1.0,20.0,
Croydon,2010,E09000008,355.0,262.0,93.0,22.0,16.0,6.0,,,70.0,,29.0,4.0,2.0,19.0,5.0,41.0,27.0,,,12.0,
Croydon,2011,E09000008,362.0,264.0,98.0,25.0,16.0,7.0,,,73.0,2.0,31.0,3.0,4.0,20.0,4.0,40.0,26.0,,2.0,11.0,
Croydon,2012,E09000008,366.0,270.0,96.0,19.0,15.0,3.0,,,77.0,2.0,31.0,,1.0,25.0,4.0,44.0,30.0,,2.0,11.0,
Croydon,2013,E09000008,370.0,249.0,120.0,32.0,18.0,12.0,2.0,,89.0,3.0,36.0,2.0,,31.0,3.0,49.0,32.0,,,15.0,
Croydon,2014,E09000008,374.0,263.0,111.0,33.0,15.0,13.0,2.0,3.0,78.0,6.0,29.0,2.0,1.0,23.0,3.0,43.0,26.0,2.0,,13.0,1.0
Croydon,2015,E09000008,377.0,265.0,111.0,30.0,15.0,13.0,,1.0,81.0,5.0,27.0,2.0,3.0,21.0,1.0,49.0,24.0,2.0,3.0,19.0,1.0
Croydon,2016,E09000008,382.0,255.0,128.0,32.0,14.0,10.0,7.0,1.0,96.0,5.0,40.0,2.0,4.0,31.0,2.0,51.0,29.0,3.0,2.0,16.0,2.0
Croydon,2017,E09000008,387.0,252.0,135.0,28.0,12.0,13.0,2.0,,107.0,6.0,49.0,2.0,2.0,41.0,4.0,52.0,30.0,2.0,2.0,17.0,2.0
Croydon,2018,E09000008,387.0,262.0,124.0,32.0,11.0,15.0,6.0,,92.0,2.0,35.0,2.0,2.0,30.0,1.0,55.0,33.0,,2.0,16.0,3.0
Ealing,2004,E09000009,307.0,187.0,120.0,20.0,15.0,5.0,,,100.0,2.0,59.0,6.0,6.0,45.0,2.0,39.0,24.0,2.0,2.0,8.0,2.0
Ealing,2005,E09000009,310.0,185.0,125.0,26.0,13.0,12.0,,,100.0,7.0,58.0,9.0,4.0,41.0,4.0,34.0,19.0,,2.0,11.0,2.0
Ealing,2006,E09000009,312.0,183.0,129.0,32.0,21.0,10.0,,,97.0,6.0,51.0,7.0,4.0,38.0,2.0,40.0,24.0,,2.0,12.0,2.0
Ealing,2007,E09000009,316.0,171.0,144.0,36.0,21.0,14.0,,,108.0,4.0,66.0,15.0,4.0,44.0,4.0,38.0,23.0,,4.0,6.0,4.0
Ealing,2008,E09000009,321.0,184.0,135.0,39.0,20.0,17.0,2.0,,97.0,3.0,59.0,17.0,5.0,34.0,4.0,35.0,22.0,2.0,1.0,6.0,3.0
Ealing,2009,E09000009,327.0,182.0,144.0,30.0,16.0,13.0,1.0,,114.0,7.0,60.0,16.0,7.0,35.0,2.0,46.0,28.0,2.0,3.0,9.0,4.0
Ealing,2010,E09000009,331.0,190.0,141.0,33.0,15.0,11.0,4.0,2.0,109.0,8.0,66.0,21.0,8.0,35.0,3.0,35.0,19.0,3.0,4.0,6.0,2.0
Ealing,2011,E09000009,336.0,197.0,139.0,43.0,14.0,24.0,4.0,2.0,96.0,4.0,57.0,15.0,7.0,28.0,7.0,35.0,19.0,4.0,3.0,7.0,3.0
Ealing,2012,E09000009,337.0,179.0,158.0,44.0,15.0,25.0,2.0,1.0,114.0,4.0,76.0,25.0,5.0,42.0,5.0,34.0,18.0,2.0,2.0,10.0,2.0
Ealing,2013,E09000009,340.0,182.0,158.0,35.0,16.0,16.0,,1.0,123.0,3.0,77.0,15.0,6.0,51.0,5.0,43.0,28.0,5.0,,6.0,3.0
Ealing,2014,E09000009,342.0,187.0,156.0,48.0,19.0,26.0,3.0,,108.0,2.0,67.0,14.0,3.0,48.0,3.0,39.0,25.0,2.0,3.0,6.0,3.0
Ealing,2015,E09000009,340.0,178.0,161.0,47.0,16.0,27.0,3.0,,114.0,5.0,71.0,18.0,4.0,46.0,3.0,37.0,17.0,4.0,4.0,6.0,6.0
Ealing,2016,E09000009,346.0,172.0,173.0,56.0,21.0,29.0,3.0,2.0,117.0,5.0,77.0,24.0,5.0,44.0,3.0,36.0,16.0,2.0,2.0,11.0,4.0
Ealing,2017,E09000009,348.0,183.0,165.0,55.0,21.0,29.0,3.0,2.0,111.0,3.0,73.0,13.0,3.0,52.0,5.0,35.0,21.0,2.0,2.0,8.0,2.0
Ealing,2018,E09000009,343.0,200.0,143.0,45.0,21.0,15.0,4.0,4.0,98.0,5.0,63.0,13.0,4.0,44.0,2.0,30.0,17.0,5.0,,5.0,2.0
Enfield,2004,E09000010,280.0,204.0,75.0,27.0,9.0,3.0,,14.0,48.0,11.0,13.0,,2.0,9.0,1.0,25.0,14.0,,,9.0,
Enfield,2005,E09000010,282.0,203.0,79.0,22.0,9.0,1.0,,11.0,57.0,12.0,15.0,4.0,2.0,8.0,1.0,30.0,15.0,,,14.0,
Enfield,2006,E09000010,284.0,198.0,86.0,24.0,10.0,4.0,,9.0,62.0,12.0,19.0,2.0,1.0,15.0,,31.0,20.0,1.0,,9.0,
Enfield,2007,E09000010,289.0,196.0,94.0,26.0,11.0,5.0,2.0,8.0,67.0,18.0,16.0,1.0,1.0,13.0,,33.0,24.0,2.0,1.0,7.0,
Enfield,2008,E09000010,295.0,192.0,102.0,29.0,13.0,6.0,3.0,7.0,73.0,20.0,17.0,3.0,1.0,11.0,2.0,36.0,26.0,,,9.0,
Enfield,2009,E09000010,300.0,196.0,103.0,25.0,10.0,7.0,2.0,6.0,77.0,20.0,22.0,3.0,3.0,15.0,2.0,35.0,24.0,1.0,,8.0,1.0
Enfield,2010,E09000010,305.0,207.0,97.0,25.0,10.0,6.0,,8.0,72.0,21.0,13.0,3.0,1.0,8.0,1.0,39.0,26.0,,1.0,10.0,2.0
Enfield,2011,E09000010,312.0,203.0,109.0,32.0,12.0,10.0,1.0,8.0,77.0,17.0,21.0,4.0,2.0,12.0,3.0,39.0,28.0,,,9.0,1.0
Enfield,2012,E09000010,315.0,215.0,100.0,30.0,10.0,8.0,5.0,7.0,70.0,19.0,18.0,4.0,,11.0,2.0,34.0,23.0,1.0,,9.0,1.0
Enfield,2013,E09000010,319.0,216.0,103.0,29.0,10.0,8.0,7.0,5.0,74.0,22.0,18.0,2.0,2.0,14.0,,34.0,26.0,1.0,,6.0,1.0
Enfield,2014,E09000010,323.0,217.0,106.0,27.0,10.0,8.0,3.0,6.0,79.0,19.0,20.0,3.0,,14.0,2.0,40.0,30.0,,,9.0,
Enfield,2015,E09000010,326.0,211.0,114.0,34.0,13.0,12.0,4.0,4.0,80.0,18.0,18.0,5.0,1.0,10.0,2.0,45.0,34.0,4.0,,7.0,
Enfield,2016,E09000010,332.0,212.0,120.0,34.0,12.0,12.0,5.0,6.0,86.0,26.0,18.0,3.0,2.0,11.0,1.0,43.0,30.0,4.0,,9.0,
Enfield,2017,E09000010,336.0,223.0,114.0,37.0,13.0,8.0,8.0,8.0,77.0,24.0,24.0,3.0,1.0,16.0,3.0,30.0,20.0,1.0,,7.0,
Enfield,2018,E09000010,337.0,213.0,124.0,41.0,16.0,4.0,11.0,11.0,83.0,17.0,22.0,4.0,3.0,15.0,1.0,43.0,26.0,,,15.0,
Greenwich,2004,E09000011,225.0,175.0,50.0,10.0,7.0,3.0,,,40.0,2.0,11.0,1.0,2.0,5.0,3.0,27.0,19.0,1.0,1.0,4.0,2.0
Greenwich,2005,E09000011,228.0,177.0,51.0,11.0,7.0,3.0,,1.0,40.0,4.0,13.0,2.0,3.0,6.0,2.0,23.0,16.0,,1.0,5.0,1.0
Greenwich,2006,E09000011,232.0,182.0,49.0,11.0,8.0,1.0,,2.0,39.0,5.0,11.0,3.0,1.0,4.0,3.0,23.0,17.0,,1.0,3.0,2.0
Greenwich,2007,E09000011,234.0,173.0,61.0,11.0,7.0,4.0,,,50.0,3.0,18.0,4.0,3.0,8.0,2.0,29.0,22.0,1.0,1.0,4.0,1.0
Greenwich,2008,E09000011,237.0,176.0,61.0,10.0,7.0,2.0,1.0,,51.0,3.0,16.0,,2.0,9.0,4.0,32.0,25.0,1.0,1.0,4.0,1.0
Greenwich,2009,E09000011,241.0,174.0,68.0,16.0,12.0,2.0,1.0,,52.0,2.0,19.0,1.0,3.0,10.0,6.0,30.0,23.0,1.0,2.0,2.0,1.0
Greenwich,2010,E09000011,247.0,166.0,80.0,22.0,11.0,4.0,6.0,1.0,58.0,4.0,24.0,2.0,7.0,12.0,4.0,30.0,20.0,1.0,2.0,6.0,
Greenwich,2011,E09000011,253.0,167.0,86.0,26.0,8.0,13.0,4.0,1.0,60.0,1.0,24.0,2.0,4.0,14.0,4.0,35.0,25.0,,2.0,7.0,1.0
Greenwich,2012,E09000011,258.0,166.0,91.0,27.0,11.0,13.0,1.0,1.0,65.0,6.0,23.0,3.0,1.0,13.0,6.0,36.0,25.0,,2.0,6.0,2.0
Greenwich,2013,E09000011,262.0,179.0,83.0,20.0,7.0,7.0,4.0,2.0,63.0,4.0,31.0,2.0,4.0,21.0,4.0,28.0,23.0,,1.0,3.0,
Greenwich,2014,E09000011,267.0,179.0,88.0,22.0,7.0,10.0,3.0,1.0,66.0,4.0,27.0,6.0,4.0,15.0,1.0,36.0,25.0,,4.0,5.0,2.0
Greenwich,2015,E09000011,271.0,174.0,96.0,27.0,12.0,11.0,2.0,1.0,70.0,7.0,27.0,4.0,2.0,19.0,2.0,35.0,26.0,,3.0,5.0,1.0
Greenwich,2016,E09000011,276.0,177.0,98.0,25.0,11.0,10.0,4.0,,73.0,2.0,32.0,4.0,5.0,19.0,4.0,39.0,29.0,,2.0,7.0,
Greenwich,2017,E09000011,280.0,187.0,93.0,29.0,13.0,11.0,3.0,2.0,64.0,5.0,18.0,,3.0,11.0,3.0,41.0,29.0,,4.0,6.0,1.0
Greenwich,2018,E09000011,285.0,190.0,94.0,29.0,15.0,9.0,4.0,1.0,65.0,6.0,22.0,,4.0,14.0,3.0,36.0,26.0,,3.0,6.0,1.0
Hackney,2004,E09000012,212.0,137.0,75.0,15.0,12.0,1.0,,2.0,60.0,9.0,14.0,3.0,1.0,8.0,2.0,38.0,19.0,1.0,2.0,14.0,2.0
Hackney,2005,E09000012,215.0,133.0,83.0,19.0,15.0,3.0,,1.0,63.0,9.0,14.0,3.0,2.0,6.0,2.0,40.0,17.0,1.0,3.0,17.0,2.0
Hackney,2006,E09000012,219.0,134.0,84.0,22.0,15.0,5.0,,2.0,62.0,10.0,14.0,2.0,3.0,6.0,2.0,38.0,20.0,2.0,1.0,14.0,1.0
Hackney,2007,E09000012,223.0,138.0,85.0,19.0,10.0,7.0,,2.0,66.0,11.0,16.0,3.0,2.0,8.0,3.0,39.0,21.0,1.0,1.0,14.0,2.0
Hackney,2008,E09000012,230.0,148.0,82.0,21.0,14.0,5.0,1.0,2.0,60.0,7.0,13.0,1.0,1.0,7.0,4.0,41.0,20.0,1.0,2.0,16.0,2.0
Hackney,2009,E09000012,236.0,149.0,86.0,20.0,13.0,6.0,,1.0,65.0,6.0,19.0,3.0,2.0,10.0,5.0,40.0,17.0,1.0,2.0,17.0,3.0
Hackney,2010,E09000012,241.0,160.0,81.0,18.0,12.0,4.0,2.0,1.0,62.0,9.0,14.0,1.0,4.0,4.0,5.0,39.0,20.0,2.0,2.0,11.0,3.0
Hackney,2011,E09000012,246.0,151.0,95.0,23.0,16.0,4.0,2.0,2.0,72.0,13.0,14.0,3.0,3.0,5.0,3.0,45.0,20.0,,2.0,18.0,5.0
Hackney,2012,E09000012,251.0,155.0,95.0,27.0,21.0,3.0,2.0,1.0,67.0,11.0,18.0,4.0,3.0,10.0,2.0,38.0,18.0,1.0,3.0,13.0,2.0
Hackney,2013,E09000012,256.0,154.0,100.0,25.0,17.0,5.0,1.0,1.0,75.0,13.0,19.0,5.0,1.0,8.0,5.0,43.0,23.0,,3.0,13.0,4.0
Hackney,2014,E09000012,261.0,159.0,100.0,28.0,20.0,4.0,1.0,2.0,72.0,11.0,19.0,4.0,1.0,9.0,4.0,42.0,21.0,2.0,4.0,12.0,3.0
Hackney,2015,E09000012,268.0,172.0,96.0,30.0,20.0,6.0,3.0,1.0,66.0,12.0,19.0,5.0,2.0,7.0,5.0,36.0,17.0,3.0,4.0,9.0,2.0
Hackney,2016,E09000012,272.0,174.0,98.0,27.0,18.0,7.0,2.0,,71.0,8.0,18.0,3.0,3.0,8.0,4.0,45.0,18.0,3.0,3.0,14.0,7.0
Hackney,2017,E09000012,277.0,171.0,106.0,28.0,19.0,6.0,1.0,1.0,77.0,9.0,21.0,4.0,5.0,9.0,3.0,48.0,20.0,4.0,7.0,11.0,7.0
Hackney,2018,E09000012,281.0,177.0,104.0,28.0,25.0,3.0,,,76.0,7.0,21.0,4.0,4.0,10.0,4.0,48.0,25.0,4.0,5.0,10.0,4.0
Hammersmith and Fulham,2004,E09000013,170.0,105.0,65.0,21.0,18.0,2.0,,,44.0,4.0,15.0,5.0,4.0,3.0,3.0,26.0,9.0,1.0,4.0,7.0,5.0
Hammersmith and Fulham,2005,E09000013,172.0,107.0,65.0,20.0,17.0,3.0,,,44.0,3.0,12.0,3.0,3.0,3.0,3.0,30.0,9.0,2.0,4.0,8.0,7.0
Hammersmith and Fulham,2006,E09000013,173.0,109.0,64.0,21.0,17.0,3.0,,,43.0,4.0,11.0,4.0,1.0,5.0,1.0,28.0,10.0,2.0,3.0,6.0,6.0
Hammersmith and Fulham,2007,E09000013,175.0,109.0,66.0,23.0,19.0,4.0,,,43.0,3.0,11.0,2.0,2.0,3.0,4.0,29.0,10.0,1.0,3.0,9.0,6.0
Hammersmith and Fulham,2008,E09000013,175.0,111.0,65.0,23.0,19.0,4.0,,,42.0,5.0,12.0,3.0,1.0,4.0,3.0,26.0,9.0,2.0,3.0,7.0,5.0
Hammersmith and Fulham,2009,E09000013,178.0,105.0,73.0,20.0,15.0,3.0,,1.0,53.0,5.0,14.0,7.0,3.0,3.0,2.0,35.0,13.0,3.0,5.0,8.0,6.0
Hammersmith and Fulham,2010,E09000013,179.0,116.0,63.0,20.0,15.0,5.0,,0.0,42.0,2.0,15.0,5.0,3.0,4.0,3.0,25.0,9.0,3.0,3.0,5.0,5.0
Hammersmith and Fulham,2011,E09000013,181.0,106.0,73.0,25.0,21.0,2.0,1.0,1.0,48.0,4.0,15.0,5.0,2.0,5.0,3.0,29.0,12.0,2.0,3.0,5.0,6.0
Hammersmith and Fulham,2012,E09000013,178.0,106.0,72.0,21.0,17.0,3.0,,1.0,51.0,3.0,14.0,6.0,2.0,4.0,2.0,33.0,11.0,3.0,4.0,8.0,6.0
Hammersmith and Fulham,2013,E09000013,177.0,103.0,74.0,31.0,24.0,5.0,1.0,1.0,43.0,3.0,14.0,7.0,1.0,4.0,3.0,26.0,10.0,1.0,4.0,8.0,3.0
Hammersmith and Fulham,2014,E09000013,176.0,103.0,73.0,27.0,22.0,4.0,,1.0,46.0,5.0,17.0,5.0,1.0,8.0,3.0,24.0,9.0,2.0,4.0,6.0,3.0
Hammersmith and Fulham,2015,E09000013,176.0,100.0,76.0,30.0,24.0,4.0,2.0,1.0,45.0,5.0,16.0,4.0,5.0,5.0,1.0,25.0,11.0,2.0,3.0,7.0,2.0
Hammersmith and Fulham,2016,E09000013,181.0,98.0,82.0,31.0,26.0,3.0,,1.0,52.0,3.0,19.0,8.0,5.0,4.0,2.0,30.0,15.0,2.0,5.0,7.0,2.0
Hammersmith and Fulham,2017,E09000013,182.0,100.0,82.0,32.0,25.0,5.0,2.0,,50.0,5.0,19.0,5.0,5.0,5.0,4.0,26.0,7.0,1.0,6.0,6.0,6.0
Hammersmith and Fulham,2018,E09000013,180.0,102.0,78.0,26.0,18.0,4.0,3.0,,53.0,3.0,21.0,4.0,7.0,4.0,5.0,29.0,10.0,1.0,6.0,11.0,1.0
Haringey,2004,E09000014,225.0,138.0,87.0,20.0,12.0,3.0,,5.0,66.0,17.0,15.0,2.0,3.0,9.0,1.0,34.0,21.0,,2.0,10.0,2.0
Haringey,2005,E09000014,228.0,146.0,82.0,25.0,10.0,9.0,,5.0,57.0,14.0,12.0,1.0,,8.0,2.0,30.0,17.0,,2.0,10.0,1.0
Haringey,2006,E09000014,232.0,147.0,85.0,25.0,14.0,8.0,,3.0,60.0,14.0,11.0,2.0,,7.0,1.0,34.0,17.0,1.0,3.0,11.0,2.0
Haringey,2007,E09000014,235.0,146.0,89.0,22.0,11.0,6.0,1.0,3.0,67.0,12.0,19.0,4.0,4.0,8.0,3.0,35.0,18.0,1.0,3.0,11.0,2.0
Haringey,2008,E09000014,243.0,146.0,97.0,28.0,15.0,6.0,4.0,4.0,68.0,13.0,16.0,4.0,3.0,6.0,3.0,40.0,23.0,2.0,4.0,9.0,2.0
Haringey,2009,E09000014,248.0,143.0,104.0,29.0,13.0,11.0,3.0,2.0,76.0,10.0,20.0,4.0,5.0,9.0,2.0,45.0,27.0,2.0,3.0,10.0,4.0
Haringey,2010,E09000014,251.0,145.0,104.0,32.0,13.0,11.0,6.0,1.0,72.0,11.0,19.0,4.0,2.0,10.0,2.0,43.0,22.0,2.0,2.0,15.0,3.0
Haringey,2011,E09000014,254.0,143.0,111.0,38.0,13.0,16.0,5.0,4.0,73.0,11.0,18.0,6.0,,10.0,2.0,43.0,21.0,,3.0,16.0,2.0
Haringey,2012,E09000014,258.0,155.0,101.0,39.0,17.0,13.0,5.0,4.0,62.0,12.0,16.0,3.0,2.0,9.0,2.0,35.0,13.0,,7.0,12.0,2.0
Haringey,2013,E09000014,260.0,164.0,94.0,34.0,18.0,8.0,5.0,2.0,60.0,13.0,12.0,2.0,3.0,5.0,1.0,35.0,16.0,1.0,4.0,12.0,3.0
Haringey,2014,E09000014,263.0,159.0,104.0,44.0,17.0,11.0,13.0,3.0,59.0,13.0,12.0,2.0,2.0,6.0,2.0,35.0,19.0,,2.0,10.0,3.0
Haringey,2015,E09000014,270.0,162.0,107.0,45.0,16.0,12.0,12.0,5.0,63.0,11.0,15.0,2.0,3.0,8.0,2.0,37.0,21.0,1.0,3.0,8.0,4.0
Haringey,2016,E09000014,275.0,168.0,107.0,43.0,17.0,16.0,8.0,2.0,64.0,14.0,13.0,5.0,3.0,4.0,2.0,36.0,18.0,1.0,3.0,12.0,3.0
Haringey,2017,E09000014,278.0,163.0,115.0,53.0,26.0,17.0,9.0,1.0,61.0,13.0,14.0,3.0,4.0,5.0,1.0,34.0,19.0,1.0,4.0,7.0,3.0
Haringey,2018,E09000014,276.0,168.0,108.0,49.0,29.0,15.0,3.0,2.0,59.0,13.0,12.0,2.0,3.0,5.0,2.0,34.0,14.0,1.0,3.0,12.0,4.0
Harrow,2004,E09000015,215.0,137.0,77.0,15.0,12.0,2.0,,1.0,62.0,3.0,28.0,3.0,2.0,22.0,1.0,30.0,23.0,,2.0,3.0,1.0
Harrow,2005,E09000015,219.0,141.0,78.0,11.0,9.0,1.0,,,67.0,1.0,36.0,3.0,2.0,31.0,,29.0,22.0,1.0,2.0,3.0,1.0
Harrow,2006,E09000015,222.0,133.0,88.0,11.0,10.0,,,,78.0,2.0,38.0,2.0,2.0,34.0,1.0,37.0,29.0,,1.0,5.0,
Harrow,2007,E09000015,225.0,132.0,92.0,13.0,8.0,2.0,2.0,1.0,79.0,,45.0,5.0,1.0,37.0,2.0,33.0,27.0,1.0,1.0,4.0,1.0
Harrow,2008,E09000015,228.0,126.0,101.0,18.0,8.0,5.0,3.0,1.0,83.0,2.0,45.0,6.0,1.0,35.0,3.0,36.0,31.0,1.0,1.0,3.0,1.0
Harrow,2009,E09000015,231.0,125.0,106.0,26.0,12.0,6.0,7.0,1.0,80.0,3.0,40.0,4.0,2.0,31.0,3.0,37.0,29.0,2.0,2.0,4.0,
Harrow,2010,E09000015,235.0,132.0,103.0,21.0,13.0,4.0,4.0,,82.0,4.0,47.0,3.0,3.0,39.0,2.0,31.0,22.0,3.0,2.0,4.0,
Harrow,2011,E09000015,238.0,130.0,108.0,26.0,15.0,6.0,4.0,1.0,82.0,2.0,50.0,4.0,2.0,42.0,1.0,30.0,24.0,2.0,2.0,2.0,
Harrow,2012,E09000015,240.0,121.0,119.0,25.0,12.0,5.0,8.0,,94.0,2.0,60.0,10.0,2.0,46.0,2.0,33.0,26.0,1.0,2.0,2.0,1.0
Harrow,2013,E09000015,243.0,122.0,121.0,27.0,8.0,4.0,14.0,,94.0,2.0,61.0,9.0,3.0,42.0,6.0,31.0,23.0,1.0,4.0,3.0,1.0
Harrow,2014,E09000015,245.0,121.0,124.0,27.0,9.0,7.0,10.0,,97.0,2.0,66.0,15.0,2.0,46.0,3.0,29.0,24.0,1.0,1.0,3.0,
Harrow,2015,E09000015,246.0,124.0,122.0,31.0,11.0,11.0,9.0,1.0,91.0,1.0,57.0,12.0,2.0,41.0,2.0,32.0,27.0,,1.0,3.0,
Harrow,2016,E09000015,250.0,117.0,133.0,41.0,14.0,9.0,16.0,2.0,92.0,2.0,55.0,5.0,2.0,47.0,1.0,36.0,28.0,2.0,2.0,4.0,
Harrow,2017,E09000015,252.0,127.0,125.0,43.0,12.0,8.0,22.0,1.0,82.0,3.0,48.0,7.0,,39.0,1.0,31.0,24.0,2.0,1.0,5.0,
Harrow,2018,E09000015,249.0,138.0,110.0,36.0,9.0,7.0,20.0,,74.0,4.0,47.0,7.0,1.0,37.0,2.0,24.0,15.0,2.0,,6.0,
Havering,2004,E09000016,224.0,210.0,15.0,3.0,2.0,,,1.0,11.0,,5.0,,2.0,2.0,1.0,6.0,4.0,,1.0,,
Havering,2005,E09000016,225.0,211.0,15.0,3.0,2.0,,,,12.0,2.0,5.0,,1.0,4.0,,5.0,2.0,,,2.0,
Havering,2006,E09000016,227.0,209.0,17.0,6.0,5.0,1.0,,,11.0,2.0,3.0,,,2.0,,7.0,4.0,,,2.0,
Havering,2007,E09000016,228.0,210.0,18.0,6.0,6.0,,,,13.0,1.0,5.0,,,3.0,1.0,6.0,5.0,,,1.0,
Havering,2008,E09000016,230.0,208.0,22.0,4.0,3.0,,,,18.0,2.0,7.0,1.0,1.0,4.0,,10.0,8.0,,,1.0,
Havering,2009,E09000016,233.0,214.0,18.0,3.0,3.0,,,1.0,15.0,1.0,6.0,,1.0,4.0,,8.0,7.0,,,2.0,
Havering,2010,E09000016,235.0,216.0,19.0,4.0,3.0,,1.0,,15.0,,6.0,,1.0,3.0,1.0,9.0,7.0,,,3.0,
Havering,2011,E09000016,236.0,214.0,22.0,7.0,3.0,1.0,2.0,,16.0,,5.0,,,4.0,1.0,10.0,9.0,,,,
Havering,2012,E09000016,238.0,215.0,24.0,9.0,5.0,1.0,2.0,,15.0,,4.0,,,3.0,1.0,10.0,6.0,,2.0,2.0,
Havering,2013,E09000016,240.0,213.0,27.0,10.0,4.0,2.0,3.0,,17.0,2.0,8.0,,,6.0,1.0,8.0,5.0,,1.0,1.0,
Havering,2014,E09000016,241.0,213.0,29.0,12.0,5.0,4.0,3.0,,16.0,,8.0,,,7.0,1.0,8.0,6.0,,,1.0,
Havering,2015,E09000016,248.0,221.0,27.0,10.0,3.0,4.0,3.0,,17.0,2.0,5.0,1.0,,4.0,1.0,10.0,6.0,,2.0,1.0,
Havering,2016,E09000016,250.0,214.0,36.0,15.0,5.0,5.0,5.0,,20.0,3.0,8.0,,2.0,3.0,2.0,9.0,6.0,1.0,,2.0,
Havering,2017,E09000016,253.0,218.0,35.0,16.0,8.0,4.0,4.0,,18.0,3.0,8.0,,,5.0,2.0,8.0,6.0,,,,
Havering,2018,E09000016,258.0,231.0,27.0,10.0,4.0,3.0,3.0,,17.0,2.0,6.0,,,4.0,2.0,10.0,6.0,,,3.0,
Hillingdon,2004,E09000017,246.0,192.0,55.0,16.0,11.0,4.0,,,39.0,2.0,20.0,1.0,1.0,15.0,2.0,16.0,12.0,1.0,2.0,1.0,
Hillingdon,2005,E09000017,249.0,189.0,60.0,15.0,12.0,2.0,,1.0,45.0,3.0,22.0,3.0,1.0,17.0,1.0,21.0,12.0,3.0,4.0,1.0,1.0
Hillingdon,2006,E09000017,252.0,199.0,53.0,15.0,12.0,2.0,,1.0,39.0,,20.0,2.0,,15.0,2.0,19.0,11.0,2.0,1.0,3.0,1.0
Hillingdon,2007,E09000017,255.0,191.0,63.0,17.0,9.0,5.0,2.0,1.0,47.0,2.0,31.0,6.0,3.0,20.0,2.0,13.0,9.0,1.0,,2.0,1.0
Hillingdon,2008,E09000017,259.0,185.0,72.0,16.0,9.0,4.0,1.0,2.0,57.0,1.0,39.0,7.0,4.0,26.0,2.0,17.0,14.0,1.0,,2.0,
Hillingdon,2009,E09000017,263.0,186.0,76.0,17.0,8.0,7.0,,1.0,59.0,1.0,40.0,9.0,2.0,26.0,2.0,18.0,15.0,,2.0,1.0,
Hillingdon,2010,E09000017,267.0,193.0,73.0,16.0,8.0,7.0,,,58.0,2.0,37.0,4.0,,31.0,2.0,19.0,13.0,2.0,,2.0,
Hillingdon,2011,E09000017,273.0,193.0,80.0,22.0,10.0,10.0,1.0,,58.0,1.0,39.0,6.0,,31.0,1.0,19.0,14.0,,,3.0,1.0
Hillingdon,2012,E09000017,279.0,194.0,85.0,22.0,9.0,7.0,5.0,,63.0,1.0,43.0,3.0,2.0,35.0,3.0,19.0,11.0,2.0,2.0,2.0,1.0
Hillingdon,2013,E09000017,284.0,199.0,86.0,13.0,5.0,6.0,2.0,,73.0,3.0,51.0,8.0,2.0,37.0,4.0,19.0,13.0,,1.0,5.0,
Hillingdon,2014,E09000017,290.0,194.0,96.0,25.0,9.0,11.0,5.0,,71.0,2.0,40.0,9.0,,29.0,3.0,28.0,22.0,1.0,1.0,4.0,
Hillingdon,2015,E09000017,296.0,200.0,96.0,19.0,9.0,9.0,1.0,,77.0,1.0,45.0,7.0,,36.0,,31.0,25.0,2.0,1.0,3.0,
Hillingdon,2016,E09000017,302.0,203.0,99.0,31.0,12.0,14.0,5.0,,67.0,2.0,43.0,7.0,2.0,29.0,5.0,23.0,15.0,3.0,,4.0,
Hillingdon,2017,E09000017,307.0,203.0,104.0,22.0,7.0,10.0,4.0,,82.0,3.0,59.0,10.0,6.0,38.0,5.0,20.0,11.0,2.0,2.0,3.0,2.0
Hillingdon,2018,E09000017,306.0,195.0,110.0,25.0,8.0,11.0,6.0,,85.0,3.0,61.0,8.0,6.0,45.0,3.0,21.0,15.0,1.0,,2.0,2.0
Hounslow,2004,E09000018,218.0,155.0,63.0,11.0,9.0,2.0,,,51.0,2.0,30.0,2.0,1.0,25.0,2.0,19.0,14.0,1.0,1.0,2.0,1.0
Hounslow,2005,E09000018,222.0,152.0,70.0,9.0,7.0,3.0,,,61.0,2.0,38.0,2.0,,29.0,6.0,21.0,13.0,1.0,,4.0,2.0
Hounslow,2006,E09000018,227.0,153.0,74.0,18.0,10.0,7.0,,1.0,57.0,1.0,36.0,2.0,2.0,27.0,5.0,20.0,14.0,2.0,1.0,2.0,2.0
Hounslow,2007,E09000018,232.0,142.0,90.0,19.0,9.0,8.0,1.0,1.0,71.0,1.0,51.0,10.0,2.0,34.0,5.0,19.0,11.0,,3.0,2.0,2.0
Hounslow,2008,E09000018,237.0,143.0,93.0,21.0,13.0,8.0,,,72.0,1.0,44.0,9.0,1.0,29.0,4.0,27.0,17.0,2.0,2.0,4.0,2.0
Hounslow,2009,E09000018,242.0,148.0,94.0,17.0,8.0,8.0,,,77.0,1.0,47.0,3.0,1.0,36.0,6.0,29.0,18.0,3.0,1.0,3.0,3.0
Hounslow,2010,E09000018,248.0,147.0,101.0,23.0,9.0,13.0,2.0,,78.0,2.0,53.0,8.0,2.0,38.0,6.0,23.0,15.0,2.0,1.0,2.0,3.0
Hounslow,2011,E09000018,254.0,152.0,102.0,25.0,11.0,12.0,2.0,,77.0,3.0,52.0,10.0,2.0,37.0,3.0,22.0,14.0,2.0,1.0,1.0,4.0
Hounslow,2012,E09000018,258.0,147.0,110.0,32.0,12.0,17.0,3.0,,78.0,2.0,54.0,9.0,3.0,40.0,3.0,22.0,12.0,2.0,,3.0,4.0
Hounslow,2013,E09000018,262.0,140.0,122.0,31.0,10.0,21.0,,,91.0,3.0,62.0,7.0,2.0,50.0,3.0,26.0,19.0,,2.0,3.0,2.0
Hounslow,2014,E09000018,267.0,139.0,127.0,39.0,15.0,23.0,,,88.0,5.0,63.0,8.0,3.0,49.0,3.0,20.0,14.0,1.0,2.0,1.0,2.0
Hounslow,2015,E09000018,268.0,143.0,124.0,29.0,14.0,12.0,2.0,,94.0,2.0,63.0,10.0,1.0,48.0,4.0,29.0,20.0,3.0,,2.0,3.0
Hounslow,2016,E09000018,274.0,142.0,132.0,26.0,8.0,10.0,8.0,,106.0,5.0,70.0,10.0,,53.0,7.0,30.0,18.0,4.0,1.0,5.0,3.0
Hounslow,2017,E09000018,278.0,139.0,138.0,32.0,14.0,14.0,4.0,,106.0,5.0,68.0,16.0,1.0,47.0,4.0,33.0,18.0,5.0,4.0,4.0,2.0
Hounslow,2018,E09000018,271.0,152.0,118.0,31.0,20.0,9.0,,,88.0,5.0,53.0,8.0,,42.0,2.0,30.0,19.0,2.0,5.0,3.0,
Islington,2004,E09000019,179.0,123.0,56.0,16.0,12.0,2.0,,2.0,40.0,6.0,11.0,1.0,3.0,6.0,1.0,23.0,12.0,1.0,2.0,5.0,3.0
Islington,2005,E09000019,182.0,125.0,57.0,17.0,14.0,1.0,,2.0,39.0,10.0,8.0,1.0,3.0,4.0,1.0,21.0,8.0,2.0,1.0,6.0,3.0
Islington,2006,E09000019,183.0,120.0,63.0,19.0,15.0,1.0,,3.0,44.0,4.0,11.0,2.0,3.0,5.0,1.0,29.0,12.0,2.0,3.0,7.0,5.0
Islington,2007,E09000019,187.0,132.0,55.0,19.0,14.0,3.0,,3.0,36.0,2.0,11.0,1.0,2.0,7.0,1.0,23.0,7.0,1.0,4.0,9.0,2.0
Islington,2008,E09000019,190.0,129.0,61.0,18.0,15.0,1.0,,2.0,44.0,5.0,14.0,2.0,2.0,6.0,3.0,24.0,8.0,1.0,4.0,7.0,3.0
Islington,2009,E09000019,195.0,140.0,55.0,18.0,15.0,1.0,,1.0,37.0,6.0,11.0,3.0,2.0,3.0,2.0,21.0,9.0,1.0,3.0,4.0,3.0
Islington,2010,E09000019,198.0,141.0,57.0,19.0,17.0,2.0,,1.0,38.0,5.0,10.0,2.0,2.0,4.0,3.0,23.0,11.0,,3.0,5.0,3.0
Islington,2011,E09000019,204.0,134.0,70.0,22.0,17.0,3.0,,1.0,47.0,5.0,16.0,3.0,3.0,7.0,3.0,27.0,11.0,2.0,5.0,5.0,3.0
Islington,2012,E09000019,209.0,137.0,72.0,27.0,22.0,3.0,,2.0,45.0,4.0,16.0,2.0,3.0,7.0,4.0,25.0,11.0,3.0,4.0,5.0,3.0
Islington,2013,E09000019,213.0,145.0,68.0,23.0,19.0,3.0,,1.0,45.0,5.0,12.0,2.0,4.0,4.0,1.0,28.0,14.0,,2.0,8.0,4.0
Islington,2014,E09000019,218.0,138.0,80.0,29.0,24.0,4.0,,2.0,51.0,8.0,17.0,3.0,6.0,6.0,3.0,26.0,10.0,1.0,3.0,5.0,6.0
Islington,2015,E09000019,224.0,142.0,82.0,31.0,24.0,5.0,1.0,2.0,51.0,8.0,18.0,2.0,6.0,6.0,4.0,24.0,14.0,1.0,4.0,2.0,4.0
Islington,2016,E09000019,230.0,143.0,85.0,32.0,26.0,4.0,,2.0,53.0,9.0,17.0,6.0,2.0,7.0,3.0,27.0,14.0,2.0,4.0,4.0,3.0
Islington,2017,E09000019,234.0,158.0,76.0,26.0,18.0,7.0,,,50.0,7.0,18.0,3.0,3.0,7.0,4.0,24.0,10.0,1.0,4.0,7.0,1.0
Islington,2018,E09000019,237.0,159.0,76.0,22.0,18.0,2.0,,,54.0,8.0,16.0,3.0,5.0,6.0,2.0,30.0,10.0,,7.0,8.0,4.0
Kensington and Chelsea,2004,E09000020,163.0,87.0,76.0,28.0,25.0,2.0,,1.0,48.0,6.0,14.0,7.0,1.0,3.0,3.0,28.0,8.0,5.0,8.0,4.0,2.0
Kensington and Chelsea,2005,E09000020,166.0,91.0,75.0,22.0,21.0,0.0,,1.0,52.0,4.0,16.0,6.0,3.0,4.0,3.0,32.0,9.0,3.0,9.0,5.0,5.0
Kensington and Chelsea,2006,E09000020,163.0,89.0,74.0,22.0,20.0,2.0,,,52.0,5.0,20.0,7.0,2.0,6.0,5.0,26.0,7.0,3.0,9.0,4.0,3.0
Kensington and Chelsea,2007,E09000020,161.0,92.0,68.0,19.0,18.0,1.0,,,49.0,5.0,14.0,7.0,1.0,2.0,4.0,30.0,9.0,2.0,8.0,7.0,4.0
Kensington and Chelsea,2008,E09000020,161.0,83.0,78.0,22.0,20.0,1.0,,,56.0,6.0,17.0,6.0,3.0,3.0,5.0,33.0,8.0,3.0,11.0,8.0,3.0
Kensington and Chelsea,2009,E09000020,160.0,85.0,75.0,22.0,19.0,2.0,,1.0,53.0,4.0,18.0,7.0,3.0,2.0,6.0,30.0,11.0,2.0,7.0,7.0,3.0
Kensington and Chelsea,2010,E09000020,159.0,84.0,74.0,23.0,21.0,2.0,,,51.0,3.0,19.0,8.0,2.0,5.0,4.0,28.0,10.0,2.0,6.0,7.0,3.0
Kensington and Chelsea,2011,E09000020,156.0,77.0,79.0,26.0,23.0,3.0,,,52.0,5.0,16.0,4.0,4.0,4.0,4.0,32.0,11.0,4.0,9.0,6.0,2.0
Kensington and Chelsea,2012,E09000020,154.0,76.0,78.0,26.0,23.0,2.0,1.0,,52.0,5.0,20.0,6.0,3.0,5.0,5.0,28.0,6.0,5.0,10.0,5.0,3.0
Kensington and Chelsea,2013,E09000020,152.0,72.0,79.0,28.0,25.0,2.0,0.0,,51.0,5.0,17.0,5.0,5.0,4.0,3.0,29.0,5.0,5.0,10.0,6.0,2.0
Kensington and Chelsea,2014,E09000020,150.0,68.0,82.0,29.0,25.0,2.0,1.0,1.0,53.0,5.0,18.0,5.0,3.0,5.0,6.0,30.0,8.0,4.0,9.0,6.0,3.0
Kensington and Chelsea,2015,E09000020,154.0,74.0,80.0,28.0,24.0,1.0,3.0,1.0,51.0,5.0,19.0,6.0,5.0,3.0,5.0,27.0,7.0,3.0,8.0,6.0,2.0
Kensington and Chelsea,2016,E09000020,156.0,74.0,82.0,31.0,26.0,2.0,2.0,1.0,50.0,6.0,15.0,5.0,3.0,5.0,3.0,29.0,9.0,4.0,7.0,6.0,3.0
Kensington and Chelsea,2017,E09000020,157.0,81.0,76.0,24.0,22.0,2.0,,,52.0,6.0,16.0,6.0,3.0,3.0,5.0,30.0,8.0,5.0,5.0,8.0,4.0
Kensington and Chelsea,2018,E09000020,154.0,78.0,76.0,25.0,23.0,1.0,,,51.0,5.0,21.0,8.0,5.0,4.0,4.0,25.0,6.0,2.0,10.0,6.0,1.0
Kingston upon Thames,2004,E09000021,150.0,118.0,32.0,10.0,8.0,1.0,,1.0,22.0,1.0,12.0,2.0,5.0,4.0,1.0,9.0,5.0,1.0,1.0,2.0,1.0
Kingston upon Thames,2005,E09000021,151.0,115.0,35.0,8.0,7.0,1.0,,,27.0,1.0,17.0,1.0,6.0,10.0,1.0,8.0,4.0,1.0,1.0,2.0,1.0
Kingston upon Thames,2006,E09000021,152.0,115.0,37.0,8.0,6.0,1.0,,,29.0,2.0,14.0,1.0,3.0,10.0,1.0,12.0,7.0,1.0,0.0,2.0,2.0
Kingston upon Thames,2007,E09000021,153.0,112.0,41.0,10.0,5.0,4.0,,,31.0,2.0,18.0,3.0,5.0,8.0,2.0,11.0,6.0,1.0,1.0,2.0,1.0
Kingston upon Thames,2008,E09000021,155.0,117.0,37.0,9.0,7.0,2.0,,,28.0,1.0,18.0,3.0,4.0,9.0,1.0,9.0,5.0,1.0,1.0,1.0,1.0
Kingston upon Thames,2009,E09000021,156.0,119.0,37.0,12.0,8.0,4.0,,,25.0,1.0,15.0,3.0,5.0,6.0,1.0,9.0,5.0,1.0,2.0,1.0,1.0
Kingston upon Thames,2010,E09000021,157.0,109.0,48.0,15.0,10.0,3.0,1.0,,33.0,3.0,20.0,3.0,6.0,10.0,1.0,11.0,7.0,,1.0,1.0,1.0
Kingston upon Thames,2011,E09000021,159.0,112.0,47.0,12.0,8.0,3.0,1.0,,35.0,2.0,22.0,3.0,6.0,12.0,1.0,11.0,6.0,1.0,2.0,2.0,
Kingston upon Thames,2012,E09000021,162.0,113.0,49.0,12.0,7.0,5.0,,,37.0,2.0,22.0,2.0,9.0,9.0,2.0,14.0,8.0,,2.0,3.0,1.0
Kingston upon Thames,2013,E09000021,165.0,118.0,47.0,15.0,6.0,6.0,2.0,1.0,32.0,2.0,19.0,2.0,7.0,10.0,1.0,11.0,6.0,,2.0,3.0,1.0
Kingston upon Thames,2014,E09000021,167.0,118.0,48.0,15.0,9.0,5.0,1.0,1.0,32.0,1.0,19.0,6.0,3.0,8.0,2.0,12.0,6.0,1.0,2.0,2.0,1.0
Kingston upon Thames,2015,E09000021,171.0,119.0,51.0,17.0,10.0,4.0,2.0,,34.0,3.0,19.0,6.0,4.0,8.0,2.0,11.0,6.0,,2.0,3.0,1.0
Kingston upon Thames,2016,E09000021,175.0,120.0,55.0,17.0,10.0,4.0,3.0,,37.0,2.0,24.0,4.0,6.0,11.0,2.0,12.0,6.0,1.0,1.0,3.0,1.0
Kingston upon Thames,2017,E09000021,178.0,122.0,56.0,15.0,8.0,3.0,3.0,,41.0,4.0,24.0,4.0,7.0,10.0,3.0,13.0,6.0,2.0,2.0,2.0,1.0
Kingston upon Thames,2018,E09000021,177.0,122.0,55.0,13.0,8.0,4.0,2.0,,42.0,6.0,24.0,3.0,7.0,10.0,4.0,12.0,6.0,3.0,2.0,,2.0
Lambeth,2004,E09000022,272.0,171.0,101.0,29.0,26.0,2.0,,2.0,71.0,6.0,11.0,,,5.0,6.0,54.0,26.0,2.0,2.0,21.0,3.0
Lambeth,2005,E09000022,275.0,170.0,105.0,28.0,23.0,4.0,,1.0,76.0,3.0,13.0,,1.0,6.0,5.0,60.0,31.0,1.0,2.0,21.0,5.0
Lambeth,2006,E09000022,277.0,181.0,95.0,27.0,24.0,2.0,,,69.0,3.0,12.0,2.0,,7.0,3.0,53.0,27.0,1.0,1.0,19.0,4.0
Lambeth,2007,E09000022,282.0,180.0,101.0,28.0,24.0,2.0,1.0,,73.0,2.0,15.0,2.0,2.0,6.0,5.0,56.0,30.0,2.0,3.0,17.0,5.0
Lambeth,2008,E09000022,286.0,181.0,105.0,23.0,19.0,4.0,,,82.0,1.0,17.0,2.0,5.0,8.0,3.0,63.0,34.0,3.0,3.0,17.0,6.0
Lambeth,2009,E09000022,292.0,188.0,104.0,27.0,22.0,4.0,1.0,,76.0,2.0,13.0,4.0,1.0,6.0,2.0,61.0,27.0,2.0,2.0,21.0,9.0
Lambeth,2010,E09000022,295.0,196.0,99.0,32.0,20.0,6.0,4.0,1.0,67.0,,12.0,1.0,2.0,4.0,5.0,55.0,20.0,3.0,5.0,23.0,4.0
Lambeth,2011,E09000022,302.0,200.0,102.0,39.0,30.0,6.0,2.0,1.0,63.0,5.0,12.0,2.0,4.0,2.0,4.0,47.0,19.0,2.0,3.0,18.0,4.0
Lambeth,2012,E09000022,308.0,195.0,113.0,49.0,35.0,12.0,3.0,,64.0,4.0,8.0,,3.0,2.0,3.0,52.0,24.0,3.0,5.0,17.0,3.0
Lambeth,2013,E09000022,313.0,200.0,112.0,45.0,33.0,10.0,,,67.0,2.0,11.0,2.0,3.0,3.0,3.0,55.0,21.0,,5.0,17.0,11.0
Lambeth,2014,E09000022,318.0,211.0,106.0,36.0,27.0,8.0,,,70.0,2.0,10.0,,,4.0,3.0,58.0,25.0,3.0,5.0,20.0,6.0
Lambeth,2015,E09000022,320.0,216.0,103.0,30.0,25.0,5.0,,,73.0,3.0,10.0,,,3.0,5.0,59.0,30.0,3.0,6.0,15.0,5.0
Lambeth,2016,E09000022,325.0,222.0,103.0,35.0,25.0,7.0,,,68.0,,9.0,,1.0,3.0,4.0,58.0,24.0,2.0,4.0,20.0,7.0
Lambeth,2017,E09000022,329.0,221.0,108.0,42.0,25.0,15.0,2.0,,67.0,3.0,5.0,,,1.0,2.0,59.0,23.0,,4.0,25.0,5.0
Lambeth,2018,E09000022,326.0,192.0,133.0,43.0,31.0,12.0,,,90.0,1.0,19.0,2.0,3.0,10.0,3.0,70.0,33.0,3.0,4.0,25.0,5.0
Lewisham,2004,E09000023,250.0,186.0,65.0,16.0,9.0,5.0,,2.0,49.0,5.0,12.0,,2.0,7.0,2.0,32.0,16.0,,,13.0,2.0
Lewisham,2005,E09000023,253.0,180.0,73.0,18.0,10.0,4.0,,3.0,55.0,5.0,14.0,1.0,2.0,8.0,2.0,37.0,17.0,1.0,,17.0,2.0
Lewisham,2006,E09000023,255.0,175.0,79.0,17.0,11.0,4.0,,2.0,62.0,6.0,15.0,1.0,2.0,10.0,2.0,41.0,23.0,,,16.0,1.0
Lewisham,2007,E09000023,259.0,178.0,81.0,20.0,15.0,3.0,1.0,2.0,61.0,7.0,14.0,2.0,1.0,7.0,4.0,40.0,23.0,,,14.0,1.0
Lewisham,2008,E09000023,265.0,182.0,83.0,25.0,15.0,7.0,1.0,2.0,58.0,4.0,15.0,1.0,2.0,7.0,4.0,39.0,25.0,1.0,1.0,11.0,
Lewisham,2009,E09000023,269.0,196.0,72.0,21.0,12.0,7.0,1.0,2.0,51.0,1.0,9.0,1.0,1.0,5.0,1.0,41.0,25.0,,1.0,14.0,1.0
Lewisham,2010,E09000023,271.0,173.0,98.0,20.0,13.0,4.0,,1.0,79.0,5.0,24.0,2.0,8.0,13.0,2.0,51.0,25.0,2.0,3.0,19.0,2.0
Lewisham,2011,E09000023,275.0,188.0,87.0,20.0,15.0,3.0,1.0,,67.0,3.0,21.0,2.0,6.0,11.0,3.0,44.0,20.0,2.0,4.0,16.0,2.0
Lewisham,2012,E09000023,280.0,186.0,94.0,27.0,16.0,9.0,,,67.0,4.0,26.0,8.0,2.0,12.0,3.0,37.0,15.0,,3.0,17.0,2.0
Lewisham,2013,E09000023,284.0,197.0,86.0,25.0,16.0,6.0,3.0,,61.0,4.0,21.0,5.0,3.0,9.0,4.0,35.0,16.0,,1.0,11.0,7.0
Lewisham,2014,E09000023,287.0,198.0,89.0,22.0,13.0,7.0,2.0,,67.0,7.0,20.0,4.0,5.0,7.0,4.0,40.0,17.0,2.0,3.0,13.0,6.0
Lewisham,2015,E09000023,295.0,193.0,103.0,23.0,14.0,7.0,,,79.0,7.0,25.0,3.0,2.0,13.0,7.0,48.0,24.0,3.0,3.0,14.0,4.0
Lewisham,2016,E09000023,300.0,208.0,92.0,26.0,16.0,8.0,,1.0,66.0,2.0,17.0,4.0,2.0,8.0,2.0,48.0,18.0,3.0,4.0,20.0,3.0
Lewisham,2017,E09000023,304.0,203.0,101.0,35.0,18.0,12.0,4.0,,66.0,3.0,23.0,3.0,3.0,11.0,6.0,40.0,19.0,,2.0,14.0,4.0
Lewisham,2018,E09000023,305.0,203.0,102.0,37.0,17.0,10.0,9.0,,65.0,7.0,18.0,3.0,3.0,9.0,4.0,40.0,15.0,1.0,3.0,17.0,3.0
Merton,2004,E09000024,188.0,131.0,57.0,15.0,9.0,6.0,,1.0,42.0,1.0,17.0,3.0,4.0,9.0,1.0,23.0,14.0,,2.0,6.0,1.0
Merton,2005,E09000024,189.0,132.0,58.0,15.0,9.0,6.0,,,42.0,1.0,14.0,1.0,3.0,9.0,1.0,27.0,17.0,,2.0,7.0,2.0
Merton,2006,E09000024,191.0,132.0,59.0,13.0,9.0,4.0,,,46.0,2.0,17.0,1.0,1.0,14.0,1.0,27.0,18.0,1.0,2.0,5.0,3.0
Merton,2007,E09000024,193.0,129.0,63.0,14.0,8.0,5.0,1.0,,50.0,1.0,21.0,1.0,3.0,15.0,3.0,28.0,16.0,,2.0,6.0,4.0
Merton,2008,E09000024,195.0,129.0,65.0,21.0,10.0,8.0,2.0,,44.0,2.0,18.0,2.0,1.0,14.0,1.0,24.0,15.0,,1.0,5.0,3.0
Merton,2009,E09000024,197.0,119.0,78.0,19.0,11.0,5.0,3.0,,59.0,3.0,26.0,4.0,3.0,18.0,1.0,31.0,18.0,2.0,1.0,7.0,3.0
Merton,2010,E09000024,198.0,116.0,81.0,25.0,12.0,11.0,1.0,,56.0,2.0,27.0,4.0,2.0,20.0,,27.0,15.0,1.0,1.0,5.0,4.0
Merton,2011,E09000024,199.0,113.0,85.0,24.0,9.0,11.0,3.0,1.0,61.0,3.0,27.0,1.0,3.0,21.0,2.0,31.0,19.0,,2.0,6.0,4.0
Merton,2012,E09000024,201.0,116.0,85.0,27.0,15.0,7.0,4.0,,59.0,2.0,28.0,1.0,3.0,22.0,2.0,28.0,17.0,1.0,2.0,5.0,3.0
Merton,2013,E09000024,202.0,124.0,78.0,24.0,10.0,9.0,4.0,,54.0,3.0,21.0,2.0,3.0,15.0,2.0,30.0,16.0,,3.0,7.0,4.0
Merton,2014,E09000024,203.0,120.0,84.0,25.0,11.0,11.0,2.0,,59.0,2.0,24.0,3.0,2.0,18.0,2.0,32.0,19.0,1.0,2.0,8.0,2.0
Merton,2015,E09000024,203.0,127.0,76.0,29.0,15.0,11.0,3.0,,47.0,2.0,21.0,3.0,3.0,13.0,1.0,24.0,14.0,,2.0,6.0,2.0
Merton,2016,E09000024,207.0,125.0,82.0,30.0,16.0,9.0,3.0,2.0,52.0,2.0,26.0,5.0,6.0,12.0,3.0,24.0,12.0,2.0,4.0,4.0,2.0
Merton,2017,E09000024,210.0,136.0,73.0,16.0,6.0,7.0,2.0,1.0,58.0,4.0,27.0,6.0,5.0,15.0,1.0,27.0,15.0,2.0,2.0,4.0,5.0
Merton,2018,E09000024,208.0,135.0,73.0,19.0,9.0,4.0,5.0,,54.0,,24.0,4.0,3.0,15.0,,29.0,13.0,,2.0,10.0,4.0
Newham,2004,E09000025,253.0,149.0,104.0,14.0,7.0,7.0,,1.0,90.0,4.0,56.0,1.0,1.0,50.0,3.0,31.0,19.0,1.0,,9.0,1.0
Newham,2005,E09000025,253.0,141.0,112.0,20.0,9.0,11.0,,1.0,91.0,4.0,50.0,,1.0,47.0,2.0,38.0,27.0,1.0,1.0,8.0,
Newham,2006,E09000025,257.0,130.0,127.0,24.0,8.0,14.0,,1.0,103.0,7.0,54.0,1.0,3.0,47.0,4.0,42.0,27.0,1.0,,14.0,
Newham,2007,E09000025,265.0,134.0,131.0,23.0,8.0,13.0,1.0,1.0,108.0,3.0,53.0,1.0,2.0,44.0,5.0,52.0,37.0,1.0,1.0,12.0,1.0
Newham,2008,E09000025,275.0,141.0,135.0,28.0,7.0,15.0,5.0,1.0,106.0,2.0,64.0,5.0,3.0,51.0,5.0,40.0,28.0,1.0,1.0,8.0,1.0
Newham,2009,E09000025,285.0,128.0,157.0,36.0,7.0,20.0,8.0,1.0,122.0,3.0,73.0,2.0,3.0,63.0,5.0,46.0,35.0,,1.0,9.0,
Newham,2010,E09000025,298.0,150.0,146.0,32.0,7.0,16.0,8.0,,114.0,1.0,79.0,4.0,3.0,66.0,7.0,33.0,27.0,1.0,1.0,4.0,
Newham,2011,E09000025,309.0,146.0,163.0,32.0,8.0,21.0,3.0,,131.0,1.0,86.0,2.0,2.0,75.0,7.0,44.0,36.0,,1.0,6.0,
Newham,2012,E09000025,313.0,153.0,159.0,30.0,5.0,17.0,8.0,,129.0,3.0,87.0,3.0,2.0,77.0,5.0,38.0,26.0,2.0,,10.0,
Newham,2013,E09000025,320.0,155.0,164.0,37.0,5.0,18.0,12.0,1.0,127.0,2.0,85.0,4.0,,76.0,5.0,40.0,29.0,,,10.0,1.0
Newham,2014,E09000025,327.0,158.0,168.0,47.0,14.0,24.0,9.0,,121.0,2.0,75.0,5.0,,62.0,7.0,44.0,28.0,1.0,2.0,12.0,
Newham,2015,E09000025,329.0,151.0,178.0,56.0,12.0,25.0,19.0,,122.0,6.0,75.0,3.0,3.0,62.0,6.0,41.0,31.0,,1.0,8.0,
Newham,2016,E09000025,339.0,156.0,183.0,57.0,16.0,26.0,15.0,,126.0,8.0,86.0,4.0,3.0,69.0,10.0,32.0,23.0,,1.0,7.0,
Newham,2017,E09000025,346.0,149.0,197.0,58.0,22.0,24.0,12.0,,139.0,4.0,96.0,2.0,3.0,77.0,13.0,39.0,27.0,2.0,,9.0,
Newham,2018,E09000025,354.0,185.0,168.0,44.0,13.0,17.0,14.0,,125.0,10.0,82.0,3.0,4.0,68.0,6.0,33.0,18.0,,,14.0,
Redbridge,2004,E09000026,247.0,178.0,69.0,8.0,6.0,2.0,,1.0,60.0,2.0,34.0,,2.0,32.0,,23.0,19.0,,1.0,3.0,
Redbridge,2005,E09000026,250.0,177.0,73.0,13.0,10.0,3.0,,,60.0,2.0,37.0,1.0,,34.0,2.0,20.0,17.0,,,3.0,
Redbridge,2006,E09000026,254.0,169.0,85.0,14.0,9.0,5.0,,1.0,71.0,1.0,44.0,,,40.0,3.0,26.0,20.0,,,4.0,
Redbridge,2007,E09000026,258.0,169.0,89.0,14.0,6.0,5.0,2.0,,75.0,2.0,48.0,3.0,,42.0,2.0,26.0,18.0,,2.0,5.0,
Redbridge,2008,E09000026,264.0,171.0,92.0,18.0,7.0,8.0,3.0,,74.0,2.0,45.0,1.0,2.0,40.0,2.0,27.0,19.0,1.0,1.0,5.0,
Redbridge,2009,E09000026,269.0,176.0,91.0,14.0,5.0,6.0,2.0,1.0,77.0,4.0,49.0,4.0,1.0,42.0,1.0,24.0,16.0,,1.0,5.0,1.0
Redbridge,2010,E09000026,273.0,178.0,95.0,19.0,6.0,4.0,7.0,2.0,77.0,4.0,49.0,4.0,1.0,41.0,3.0,23.0,17.0,1.0,,4.0,1.0
Redbridge,2011,E09000026,280.0,164.0,115.0,18.0,5.0,8.0,3.0,1.0,97.0,5.0,67.0,3.0,3.0,58.0,2.0,26.0,20.0,2.0,,3.0,1.0
Redbridge,2012,E09000026,283.0,180.0,102.0,17.0,6.0,6.0,5.0,,85.0,4.0,56.0,1.0,1.0,53.0,1.0,25.0,18.0,1.0,1.0,3.0,1.0
Redbridge,2013,E09000026,287.0,178.0,108.0,19.0,6.0,5.0,7.0,1.0,89.0,2.0,56.0,2.0,,52.0,,31.0,23.0,1.0,2.0,4.0,1.0
Redbridge,2014,E09000026,291.0,174.0,117.0,24.0,8.0,8.0,8.0,,93.0,6.0,65.0,4.0,1.0,58.0,1.0,23.0,14.0,1.0,2.0,6.0,
Redbridge,2015,E09000026,296.0,177.0,119.0,22.0,9.0,6.0,7.0,,97.0,6.0,70.0,4.0,,66.0,1.0,21.0,15.0,,2.0,4.0,
Redbridge,2016,E09000026,302.0,174.0,127.0,33.0,12.0,8.0,12.0,,95.0,4.0,68.0,3.0,1.0,61.0,2.0,23.0,14.0,1.0,1.0,6.0,
Redbridge,2017,E09000026,307.0,172.0,135.0,32.0,12.0,6.0,14.0,,103.0,9.0,71.0,,1.0,66.0,3.0,22.0,15.0,1.0,1.0,3.0,1.0
Redbridge,2018,E09000026,307.0,179.0,128.0,43.0,12.0,12.0,18.0,1.0,85.0,5.0,61.0,,1.0,58.0,,19.0,12.0,1.0,1.0,4.0,1.0
Richmond upon Thames,2004,E09000027,177.0,142.0,35.0,11.0,9.0,1.0,,,24.0,,8.0,3.0,1.0,4.0,,16.0,6.0,1.0,3.0,4.0,3.0
Richmond upon Thames,2005,E09000027,180.0,144.0,36.0,13.0,11.0,1.0,,,23.0,1.0,6.0,2.0,1.0,2.0,2.0,16.0,6.0,,4.0,3.0,3.0
Richmond upon Thames,2006,E09000027,181.0,145.0,36.0,10.0,8.0,1.0,,1.0,26.0,1.0,8.0,2.0,1.0,4.0,2.0,17.0,8.0,,5.0,2.0,2.0
Richmond upon Thames,2007,E09000027,181.0,136.0,45.0,18.0,13.0,4.0,,1.0,27.0,2.0,9.0,3.0,1.0,3.0,1.0,16.0,8.0,,4.0,2.0,3.0
Richmond upon Thames,2008,E09000027,181.0,142.0,39.0,16.0,12.0,3.0,,1.0,23.0,1.0,9.0,4.0,1.0,3.0,1.0,13.0,5.0,,3.0,2.0,2.0
Richmond upon Thames,2009,E09000027,183.0,139.0,43.0,13.0,8.0,3.0,1.0,1.0,31.0,2.0,12.0,5.0,,4.0,3.0,16.0,7.0,1.0,3.0,2.0,3.0
Richmond upon Thames,2010,E09000027,185.0,140.0,44.0,15.0,10.0,3.0,1.0,,30.0,3.0,11.0,3.0,2.0,3.0,2.0,16.0,7.0,1.0,3.0,2.0,3.0
Richmond upon Thames,2011,E09000027,186.0,142.0,44.0,17.0,12.0,4.0,1.0,,27.0,3.0,10.0,3.0,1.0,4.0,2.0,13.0,6.0,,3.0,2.0,3.0
Richmond upon Thames,2012,E09000027,187.0,144.0,44.0,19.0,14.0,4.0,,1.0,25.0,2.0,10.0,2.0,2.0,5.0,1.0,12.0,4.0,,3.0,2.0,3.0
Richmond upon Thames,2013,E09000027,188.0,146.0,43.0,17.0,13.0,3.0,,1.0,26.0,3.0,8.0,4.0,1.0,2.0,2.0,14.0,6.0,,3.0,2.0,3.0
Richmond upon Thames,2014,E09000027,190.0,144.0,46.0,16.0,12.0,2.0,2.0,,30.0,3.0,8.0,2.0,2.0,2.0,2.0,18.0,6.0,,5.0,3.0,3.0
Richmond upon Thames,2015,E09000027,194.0,147.0,46.0,17.0,11.0,3.0,2.0,,29.0,2.0,8.0,2.0,1.0,4.0,1.0,19.0,8.0,,4.0,3.0,4.0
Richmond upon Thames,2016,E09000027,198.0,156.0,42.0,16.0,13.0,3.0,,,26.0,3.0,7.0,3.0,,2.0,2.0,17.0,4.0,1.0,2.0,4.0,6.0
Richmond upon Thames,2017,E09000027,201.0,153.0,48.0,16.0,13.0,3.0,1.0,,31.0,4.0,11.0,4.0,1.0,3.0,4.0,16.0,6.0,1.0,3.0,2.0,5.0
Richmond upon Thames,2018,E09000027,197.0,145.0,51.0,16.0,12.0,3.0,1.0,,35.0,3.0,9.0,4.0,2.0,2.0,1.0,22.0,6.0,1.0,4.0,6.0,5.0
Southwark,2004,E09000028,255.0,173.0,81.0,22.0,18.0,1.0,,3.0,59.0,3.0,15.0,1.0,3.0,5.0,5.0,41.0,24.0,,1.0,12.0,4.0
Southwark,2005,E09000028,260.0,170.0,90.0,25.0,19.0,3.0,,3.0,65.0,4.0,19.0,2.0,4.0,7.0,6.0,42.0,23.0,2.0,4.0,10.0,3.0
Southwark,2006,E09000028,266.0,168.0,97.0,21.0,15.0,3.0,,2.0,76.0,5.0,18.0,5.0,4.0,6.0,4.0,53.0,30.0,1.0,3.0,16.0,3.0
Southwark,2007,E09000028,271.0,182.0,89.0,19.0,14.0,3.0,1.0,1.0,69.0,4.0,18.0,1.0,3.0,8.0,5.0,47.0,26.0,2.0,3.0,14.0,3.0
Southwark,2008,E09000028,275.0,183.0,91.0,24.0,17.0,4.0,2.0,1.0,67.0,4.0,14.0,2.0,3.0,5.0,4.0,49.0,29.0,,2.0,14.0,3.0
Southwark,2009,E09000028,279.0,186.0,93.0,27.0,20.0,5.0,,2.0,65.0,4.0,13.0,2.0,3.0,5.0,4.0,48.0,25.0,2.0,3.0,15.0,3.0
Southwark,2010,E09000028,282.0,185.0,96.0,24.0,18.0,4.0,2.0,,72.0,5.0,17.0,,5.0,8.0,3.0,51.0,32.0,2.0,1.0,13.0,3.0
Southwark,2011,E09000028,287.0,166.0,119.0,21.0,15.0,3.0,2.0,1.0,98.0,4.0,30.0,4.0,12.0,12.0,2.0,65.0,42.0,2.0,5.0,15.0,1.0
Southwark,2012,E09000028,291.0,186.0,104.0,25.0,19.0,5.0,,,79.0,4.0,23.0,3.0,4.0,9.0,6.0,53.0,31.0,,6.0,12.0,3.0
Southwark,2013,E09000028,295.0,188.0,107.0,27.0,17.0,6.0,3.0,1.0,79.0,5.0,20.0,5.0,4.0,6.0,6.0,54.0,34.0,2.0,3.0,12.0,3.0
Southwark,2014,E09000028,299.0,192.0,107.0,23.0,17.0,5.0,,,84.0,5.0,19.0,2.0,5.0,5.0,7.0,60.0,35.0,2.0,5.0,15.0,3.0
Southwark,2015,E09000028,305.0,188.0,117.0,27.0,19.0,6.0,2.0,1.0,89.0,6.0,16.0,3.0,3.0,4.0,6.0,67.0,35.0,4.0,7.0,20.0,1.0
Southwark,2016,E09000028,312.0,199.0,113.0,30.0,23.0,6.0,,,83.0,4.0,20.0,3.0,5.0,6.0,6.0,58.0,34.0,2.0,5.0,16.0,2.0
Southwark,2017,E09000028,317.0,189.0,127.0,45.0,29.0,7.0,9.0,1.0,82.0,3.0,20.0,,6.0,4.0,9.0,59.0,37.0,1.0,6.0,13.0,3.0
Southwark,2018,E09000028,317.0,192.0,125.0,43.0,34.0,5.0,4.0,,82.0,5.0,14.0,,2.0,6.0,6.0,63.0,36.0,,5.0,15.0,7.0
Sutton,2004,E09000029,180.0,159.0,21.0,7.0,6.0,,,1.0,14.0,,5.0,,,3.0,2.0,8.0,5.0,,1.0,1.0,1.0
Sutton,2005,E09000029,180.0,157.0,23.0,7.0,6.0,1.0,,,16.0,1.0,6.0,,,5.0,1.0,9.0,6.0,,1.0,1.0,
Sutton,2006,E09000029,181.0,156.0,25.0,6.0,6.0,,,,19.0,2.0,9.0,,1.0,7.0,,8.0,6.0,,,2.0,1.0
Sutton,2007,E09000029,183.0,149.0,33.0,10.0,6.0,2.0,2.0,,23.0,2.0,13.0,2.0,1.0,8.0,2.0,9.0,4.0,,1.0,3.0,
Sutton,2008,E09000029,184.0,159.0,25.0,8.0,5.0,2.0,,1.0,17.0,2.0,9.0,,2.0,4.0,2.0,7.0,4.0,,,2.0,
Sutton,2009,E09000029,187.0,154.0,33.0,8.0,5.0,,1.0,,25.0,3.0,13.0,1.0,1.0,10.0,1.0,9.0,5.0,,,2.0,2.0
Sutton,2010,E09000029,188.0,154.0,33.0,7.0,4.0,2.0,1.0,,26.0,1.0,13.0,,1.0,9.0,2.0,12.0,7.0,1.0,,3.0,1.0
Sutton,2011,E09000029,190.0,152.0,38.0,9.0,5.0,3.0,1.0,,29.0,1.0,14.0,,2.0,8.0,4.0,15.0,7.0,,,5.0,2.0
Sutton,2012,E09000029,192.0,156.0,36.0,8.0,6.0,3.0,,,28.0,1.0,14.0,1.0,1.0,9.0,4.0,12.0,9.0,,,3.0,1.0
Sutton,2013,E09000029,194.0,153.0,41.0,11.0,5.0,5.0,1.0,,30.0,,18.0,2.0,1.0,9.0,7.0,11.0,9.0,,,1.0,
Sutton,2014,E09000029,196.0,144.0,52.0,11.0,5.0,3.0,2.0,,41.0,2.0,26.0,3.0,5.0,14.0,4.0,14.0,9.0,,,2.0,2.0
Sutton,2015,E09000029,199.0,153.0,46.0,13.0,6.0,5.0,,,33.0,1.0,20.0,4.0,2.0,12.0,2.0,12.0,6.0,1.0,,1.0,3.0
Sutton,2016,E09000029,202.0,153.0,48.0,13.0,4.0,6.0,2.0,,35.0,1.0,22.0,5.0,2.0,13.0,2.0,12.0,7.0,2.0,1.0,1.0,2.0
Sutton,2017,E09000029,204.0,150.0,54.0,14.0,5.0,7.0,2.0,,40.0,2.0,25.0,4.0,1.0,18.0,3.0,14.0,10.0,1.0,1.0,,
Sutton,2018,E09000029,204.0,154.0,50.0,17.0,6.0,4.0,7.0,,33.0,2.0,20.0,3.0,3.0,14.0,1.0,11.0,8.0,,1.0,2.0,
Tower Hamlets,2004,E09000030,210.0,127.0,83.0,12.0,8.0,3.0,,1.0,70.0,4.0,51.0,2.0,6.0,42.0,1.0,16.0,8.0,,1.0,3.0,3.0
Tower Hamlets,2005,E09000030,212.0,122.0,90.0,16.0,10.0,5.0,,1.0,74.0,2.0,53.0,,5.0,46.0,2.0,18.0,8.0,1.0,1.0,5.0,4.0
Tower Hamlets,2006,E09000030,216.0,126.0,90.0,14.0,8.0,6.0,,,76.0,3.0,54.0,2.0,4.0,45.0,2.0,19.0,10.0,,2.0,3.0,3.0
Tower Hamlets,2007,E09000030,224.0,126.0,98.0,19.0,12.0,5.0,1.0,1.0,79.0,2.0,54.0,5.0,5.0,42.0,1.0,24.0,9.0,1.0,2.0,7.0,5.0
Tower Hamlets,2008,E09000030,231.0,140.0,90.0,15.0,9.0,4.0,,1.0,74.0,3.0,51.0,1.0,5.0,42.0,3.0,21.0,8.0,2.0,2.0,6.0,2.0
Tower Hamlets,2009,E09000030,239.0,146.0,93.0,14.0,9.0,4.0,,1.0,79.0,1.0,58.0,2.0,5.0,51.0,2.0,20.0,7.0,3.0,2.0,6.0,2.0
Tower Hamlets,2010,E09000030,247.0,139.0,108.0,18.0,14.0,3.0,,,90.0,3.0,70.0,2.0,7.0,58.0,3.0,17.0,8.0,1.0,2.0,3.0,3.0
Tower Hamlets,2011,E09000030,255.0,140.0,113.0,21.0,13.0,7.0,,1.0,92.0,4.0,71.0,2.0,7.0,59.0,3.0,17.0,7.0,1.0,3.0,4.0,2.0
Tower Hamlets,2012,E09000030,262.0,144.0,117.0,21.0,16.0,4.0,,1.0,97.0,7.0,70.0,2.0,12.0,52.0,4.0,19.0,9.0,,4.0,4.0,3.0
Tower Hamlets,2013,E09000030,269.0,155.0,113.0,28.0,19.0,7.0,,1.0,85.0,5.0,60.0,2.0,7.0,49.0,2.0,20.0,7.0,,2.0,6.0,5.0
Tower Hamlets,2014,E09000030,276.0,172.0,104.0,24.0,15.0,7.0,1.0,1.0,80.0,5.0,55.0,2.0,5.0,47.0,1.0,20.0,7.0,2.0,2.0,5.0,4.0
Tower Hamlets,2015,E09000030,293.0,180.0,113.0,27.0,18.0,6.0,2.0,,86.0,3.0,57.0,2.0,8.0,44.0,2.0,27.0,10.0,5.0,3.0,6.0,3.0
Tower Hamlets,2016,E09000030,302.0,177.0,126.0,34.0,26.0,5.0,3.0,,92.0,2.0,62.0,,5.0,50.0,6.0,28.0,14.0,2.0,1.0,5.0,6.0
Tower Hamlets,2017,E09000030,311.0,166.0,145.0,37.0,30.0,5.0,,,108.0,6.0,82.0,,13.0,60.0,8.0,20.0,6.0,,2.0,5.0,6.0
Tower Hamlets,2018,E09000030,314.0,178.0,136.0,45.0,32.0,8.0,5.0,,91.0,6.0,68.0,,8.0,54.0,5.0,17.0,8.0,,,4.0,3.0
Waltham Forest,2004,E09000031,223.0,161.0,62.0,10.0,6.0,3.0,,1.0,52.0,6.0,21.0,1.0,1.0,18.0,1.0,25.0,13.0,1.0,,11.0,
Waltham Forest,2005,E09000031,225.0,152.0,73.0,8.0,4.0,3.0,,1.0,65.0,11.0,26.0,2.0,1.0,18.0,4.0,28.0,16.0,1.0,,10.0,
Waltham Forest,2006,E09000031,229.0,163.0,66.0,13.0,5.0,7.0,,,53.0,6.0,22.0,1.0,1.0,18.0,1.0,26.0,10.0,,,12.0,2.0
Waltham Forest,2007,E09000031,234.0,159.0,75.0,20.0,6.0,9.0,3.0,2.0,55.0,6.0,22.0,,,22.0,,26.0,13.0,,,12.0,1.0
Waltham Forest,2008,E09000031,240.0,160.0,80.0,22.0,6.0,11.0,2.0,2.0,58.0,2.0,28.0,,,26.0,2.0,28.0,16.0,1.0,,10.0,1.0
Waltham Forest,2009,E09000031,247.0,162.0,85.0,31.0,11.0,13.0,7.0,,54.0,5.0,23.0,,2.0,20.0,2.0,25.0,16.0,,,7.0,1.0
Waltham Forest,2010,E09000031,252.0,162.0,90.0,28.0,9.0,11.0,7.0,1.0,62.0,8.0,22.0,2.0,1.0,17.0,2.0,32.0,19.0,1.0,2.0,10.0,1.0
Waltham Forest,2011,E09000031,258.0,161.0,95.0,35.0,7.0,18.0,9.0,1.0,60.0,8.0,25.0,2.0,,21.0,2.0,27.0,13.0,1.0,,9.0,2.0
Waltham Forest,2012,E09000031,261.0,164.0,97.0,34.0,8.0,13.0,13.0,,63.0,6.0,29.0,,1.0,27.0,1.0,28.0,16.0,1.0,,9.0,1.0
Waltham Forest,2013,E09000031,265.0,159.0,105.0,36.0,12.0,14.0,9.0,1.0,69.0,7.0,31.0,,,29.0,1.0,31.0,16.0,,,14.0,
Waltham Forest,2014,E09000031,269.0,172.0,97.0,34.0,14.0,11.0,10.0,,62.0,7.0,26.0,2.0,1.0,22.0,1.0,30.0,15.0,2.0,,8.0,4.0
Waltham Forest,2015,E09000031,269.0,169.0,100.0,39.0,10.0,18.0,8.0,1.0,62.0,8.0,27.0,2.0,4.0,19.0,2.0,27.0,14.0,,2.0,8.0,4.0
Waltham Forest,2016,E09000031,274.0,168.0,106.0,48.0,11.0,19.0,17.0,,58.0,4.0,23.0,,2.0,18.0,2.0,31.0,17.0,2.0,1.0,9.0,2.0
Waltham Forest,2017,E09000031,277.0,176.0,101.0,42.0,10.0,14.0,15.0,3.0,59.0,6.0,22.0,5.0,1.0,11.0,5.0,32.0,14.0,6.0,,10.0,3.0
Waltham Forest,2018,E09000031,278.0,187.0,91.0,27.0,8.0,12.0,5.0,2.0,64.0,12.0,19.0,2.0,2.0,14.0,,33.0,15.0,5.0,,10.0,2.0
Wandsworth,2004,E09000032,276.0,189.0,86.0,21.0,16.0,4.0,,1.0,66.0,3.0,27.0,2.0,3.0,17.0,4.0,36.0,21.0,2.0,4.0,7.0,3.0
Wandsworth,2005,E09000032,280.0,192.0,87.0,21.0,19.0,2.0,,,66.0,4.0,20.0,2.0,3.0,13.0,2.0,41.0,22.0,,1.0,7.0,11.0
Wandsworth,2006,E09000032,284.0,186.0,98.0,28.0,19.0,7.0,,2.0,70.0,5.0,22.0,2.0,3.0,11.0,5.0,43.0,19.0,,4.0,8.0,12.0
Wandsworth,2007,E09000032,288.0,191.0,96.0,34.0,25.0,8.0,,1.0,61.0,6.0,17.0,1.0,2.0,11.0,2.0,39.0,12.0,,5.0,8.0,14.0
Wandsworth,2008,E09000032,291.0,193.0,97.0,32.0,17.0,13.0,,1.0,66.0,4.0,18.0,4.0,2.0,10.0,1.0,44.0,19.0,2.0,6.0,11.0,7.0
Wandsworth,2009,E09000032,296.0,196.0,100.0,24.0,18.0,5.0,,,76.0,7.0,17.0,3.0,3.0,8.0,4.0,52.0,20.0,2.0,7.0,14.0,9.0
Wandsworth,2010,E09000032,299.0,192.0,106.0,33.0,19.0,11.0,3.0,,73.0,2.0,20.0,,4.0,14.0,2.0,50.0,26.0,,4.0,10.0,10.0
Wandsworth,2011,E09000032,304.0,194.0,110.0,44.0,27.0,14.0,2.0,,67.0,4.0,22.0,3.0,4.0,11.0,3.0,41.0,22.0,1.0,5.0,5.0,8.0
Wandsworth,2012,E09000032,305.0,206.0,98.0,30.0,19.0,9.0,1.0,,68.0,7.0,22.0,7.0,1.0,12.0,2.0,39.0,18.0,,7.0,6.0,7.0
Wandsworth,2013,E09000032,307.0,219.0,86.0,28.0,21.0,4.0,,2.0,58.0,5.0,17.0,3.0,2.0,9.0,2.0,35.0,14.0,,4.0,10.0,7.0
Wandsworth,2014,E09000032,308.0,207.0,100.0,36.0,25.0,9.0,,2.0,64.0,2.0,24.0,3.0,2.0,14.0,5.0,38.0,18.0,,2.0,8.0,9.0
Wandsworth,2015,E09000032,311.0,209.0,102.0,38.0,26.0,10.0,,,64.0,5.0,25.0,3.0,2.0,17.0,2.0,34.0,16.0,1.0,3.0,8.0,7.0
Wandsworth,2016,E09000032,317.0,199.0,116.0,43.0,30.0,10.0,,2.0,74.0,6.0,29.0,3.0,5.0,18.0,3.0,39.0,15.0,3.0,6.0,10.0,5.0
Wandsworth,2017,E09000032,320.0,210.0,110.0,46.0,34.0,10.0,,2.0,65.0,6.0,22.0,3.0,4.0,12.0,3.0,37.0,13.0,,3.0,11.0,9.0
Wandsworth,2018,E09000032,323.0,223.0,99.0,38.0,26.0,8.0,3.0,,61.0,8.0,16.0,3.0,3.0,9.0,,38.0,14.0,1.0,5.0,9.0,8.0
Westminster,2004,E09000033,217.0,110.0,107.0,31.0,26.0,4.0,,1.0,76.0,8.0,32.0,9.0,4.0,13.0,6.0,36.0,8.0,7.0,5.0,6.0,9.0
Westminster,2005,E09000033,225.0,110.0,115.0,33.0,27.0,5.0,,1.0,82.0,7.0,34.0,16.0,5.0,8.0,4.0,41.0,12.0,6.0,9.0,5.0,7.0
Westminster,2006,E09000033,225.0,106.0,119.0,30.0,26.0,3.0,,1.0,89.0,8.0,38.0,13.0,6.0,13.0,6.0,43.0,13.0,8.0,8.0,7.0,6.0
Westminster,2007,E09000033,224.0,105.0,119.0,31.0,26.0,3.0,,1.0,88.0,8.0,40.0,13.0,4.0,15.0,8.0,40.0,11.0,6.0,10.0,4.0,9.0
Westminster,2008,E09000033,222.0,106.0,115.0,29.0,23.0,4.0,2.0,1.0,87.0,8.0,44.0,13.0,9.0,14.0,7.0,34.0,6.0,8.0,8.0,5.0,6.0
Westminster,2009,E09000033,220.0,107.0,111.0,35.0,30.0,2.0,1.0,2.0,76.0,9.0,36.0,13.0,7.0,10.0,5.0,32.0,5.0,6.0,10.0,6.0,5.0
Westminster,2010,E09000033,221.0,102.0,118.0,31.0,27.0,2.0,1.0,,87.0,8.0,39.0,18.0,6.0,11.0,4.0,40.0,12.0,6.0,8.0,8.0,6.0
Westminster,2011,E09000033,223.0,101.0,121.0,29.0,25.0,2.0,1.0,1.0,92.0,8.0,47.0,21.0,11.0,8.0,7.0,38.0,11.0,6.0,10.0,7.0,4.0
Westminster,2012,E09000033,227.0,110.0,116.0,26.0,19.0,4.0,1.0,2.0,90.0,6.0,46.0,21.0,10.0,10.0,5.0,39.0,11.0,6.0,8.0,6.0,8.0
Westminster,2013,E09000033,230.0,116.0,114.0,36.0,29.0,6.0,,1.0,78.0,7.0,44.0,20.0,8.0,8.0,8.0,26.0,6.0,4.0,7.0,6.0,4.0
Westminster,2014,E09000033,232.0,114.0,117.0,37.0,29.0,6.0,,1.0,80.0,6.0,39.0,16.0,6.0,8.0,9.0,35.0,9.0,5.0,9.0,7.0,6.0
Westminster,2015,E09000033,243.0,118.0,121.0,33.0,26.0,5.0,,2.0,88.0,5.0,37.0,14.0,8.0,11.0,5.0,46.0,15.0,6.0,13.0,9.0,5.0
Westminster,2016,E09000033,251.0,122.0,128.0,42.0,32.0,6.0,3.0,1.0,86.0,9.0,39.0,17.0,7.0,8.0,7.0,39.0,6.0,9.0,14.0,6.0,4.0
Westminster,2017,E09000033,255.0,119.0,135.0,46.0,34.0,7.0,4.0,,90.0,11.0,41.0,12.0,8.0,14.0,7.0,38.0,8.0,7.0,13.0,8.0,2.0
Westminster,2018,E09000033,251.0,128.0,123.0,44.0,37.0,6.0,,,79.0,7.0,33.0,11.0,8.0,10.0,4.0,38.0,12.0,3.0,11.0,9.0,3.0
