,,Domestic consumers,Domestic consumers,Commercial and industrial consumers,Commercial and industrial consumers,All consumers,All consumers,Sales per consumer,Sales per consumer
,,Sales in the year - GWh,Number of MPANs (thousands),Sales in the year - GWh,Number of MPANs (thousands),Sales in the year - GWh,Number of MPANs (thousands),Average domestic consumption kWh,Average industrial and commercial consumption kWh
"('', 'Borough')","('', 'Year')",,,,,,,,
City of London,2003,24.376581200000015,5.455,2461.8835539958764,8.247,2486.2601351958765,13.702,4468.667497708527,298518.68000435026
Barking and Dagenham,2003,308.88650490000015,71.034,427.93838619814835,5.308,736.8248910981486,76.34200000000001,4348.431805895771,80621.39905767678
Barnet,2003,677.0546930000003,134.588,485.5140294973901,11.708,1162.5687224973904,146.296,5030.572510179216,41468.57101959259
Bexley,2003,426.4853990999998,93.704,392.4049495993682,6.701,818.890348699368,100.405,4551.4108159737025,58559.1627517338
Brent,2003,460.4195245000001,108.312,718.3806253977875,14.021,1178.8001498977876,122.333,4250.863473114707,51236.0477425139
Bromley,2003,615.4619410000004,130.704,492.0713807967142,11.23,1107.5333217967145,141.934,4708.822537948344,43817.5762062969
Camden,2003,361.1426861999999,96.481,1342.0954937991944,28.723,1703.2381799991942,125.204,3743.1482488780166,46725.46369805363
Croydon,2003,641.6421633,139.213,714.7390440982138,13.162,1356.3812073982137,152.375,4609.067855013541,54303.2247453437
Ealing,2003,528.1471431000001,123.659,711.5363978014602,11.514,1239.6835409014602,135.173,4270.996394116078,61797.49850629323
Enfield,2003,573.7667453,120.415,512.2447148983237,8.605,1086.0114601983237,129.02,4764.910893991612,59528.72921537753
Greenwich,2003,388.5878913999997,97.405,379.5703278990153,8.744,768.158219299015,106.149,3989.403946409319,43409.23237637412
Hackney,2003,349.99553840000004,90.64,407.1800014997417,17.704,757.1755398997418,108.344,3861.3806090026483,22999.32227178839
Hammersmith and Fulham,2003,301.07360160000025,78.769,656.8611952992071,14.042,957.9347968992074,92.811,3822.234655765596,46778.321841561534
Haringey,2003,424.4622137999999,98.734,439.50076919916796,9.632,863.9629829991679,108.366,4299.048086778616,45629.23268263787
Harrow,2003,394.9833853999998,83.567,268.7395656958081,5.879,663.722951095808,89.446,4726.547385929851,45711.78188396124
Havering,2003,461.1771038999999,96.627,355.3400528970699,6.935,816.5171567970698,103.562,4772.756102331646,51238.65218414851
Hillingdon,2003,466.5095863000002,101.527,1163.2877206521052,7.496,1629.7973069521054,109.023,4594.931262619798,155187.79624494465
Hounslow,2003,392.8041838000003,90.748,853.4092385946004,7.923,1246.2134223946007,98.671,4328.516152422095,107712.89140408942
Islington,2003,324.3168042000003,88.56,906.6288539534489,19.084,1230.9456581534491,107.644,3662.1138685636893,47507.275935519225
Kensington and Chelsea,2003,385.7997194999997,88.118,1020.8234468009932,19.57,1406.623166300993,107.68799999999999,4378.21693070655,52162.66973944779
Kingston upon Thames,2003,294.3608885,62.399,339.83067680011777,6.98,634.1915653001178,69.379,4717.397530409141,48686.3433811057
Lambeth,2003,471.0069316999998,124.363,567.1774959013287,18.136,1038.1844276013285,142.499,3787.3558188528727,31273.57167519457
Lewisham,2003,441.9535469000001,112.494,315.2011403001028,11.697,757.1546872001029,124.191,3928.6855023379035,26947.177934521915
Merton,2003,336.12066059999984,77.462,339.076914099886,7.316,675.1975746998858,84.778,4339.168374170558,46347.30919900027
Newham,2003,379.94867890000023,96.868,772.264265996302,10.435,1152.2129448963024,107.303,3922.3342992525936,74007.1170097079
Redbridge,2003,430.93120370000025,95.708,266.14673650043284,8.036,697.0779402004331,103.744,4502.561997952107,33119.30518920269
Richmond upon Thames,2003,362.9761769000001,78.862,379.45693329995834,9.249,742.4331101999585,88.11099999999999,4602.675266921967,41026.806497995276
Southwark,2003,456.79182690000005,116.767,1210.2572866402954,18.679,1667.0491135402954,135.446,3911.99420127262,64792.40251835192
Sutton,2003,363.20267910000007,77.136,275.5027985702014,6.765,638.7054776702014,83.901,4708.601419570629,40724.73001776813
Tower Hamlets,2003,349.26553349999995,88.522,2311.5583468841114,15.832,2660.8238803841114,104.35400000000001,3945.522395562684,146005.4539466973
Waltham Forest,2003,398.8229827999999,94.051,329.6685360971311,9.17,728.4915188971311,103.221,4240.496994184005,35950.767295216036
Wandsworth,2003,499.7590044999999,126.104,599.2989112008052,16.402,1099.057915700805,142.506,3963.070199993655,36538.16066338283
Westminster,2003,494.0724001999998,116.626,3235.0629214186088,46.145,3729.1353216186085,162.77100000000002,4236.382969492221,70106.46703691859
City of London,2004,22.15013896465017,5.041666158319098,2458.427513915032,8.284341557146874,2480.577652879682,13.326007715465972,4393.416435973435,296755.9337041282
Barking and Dagenham,2004,304.5831200016815,69.8425919118306,469.4889601594392,5.522479814988755,774.0720801611207,75.36507172681934,4360.9939388587945,85014.15593863881
Barnet,2004,686.3605659378738,135.63059004734697,519.9637466291543,12.290367913643225,1206.3243125670283,147.9209579609902,5060.514487906259,42306.605488347974
Bexley,2004,410.4639222748454,89.905080779194,420.75649001678505,6.450160554941778,831.2204122916305,96.35524133413575,4565.525315337192,65231.940574630076
Brent,2004,448.53113543334734,104.94470349770336,703.1885587885129,14.224507182002124,1151.7196942218602,119.16921067970547,4273.9759176427915,49435.003251166265
Bromley,2004,600.5294339571948,128.25940764628052,486.2479403644392,10.973710082358503,1086.777374321634,139.233117728639,4682.147259040534,44310.25940316562
Camden,2004,349.3527951455406,91.68389516877743,1435.0633767496754,27.310075966999566,1784.416171895216,118.99397113577699,3810.4052462259615,52547.02983923407
Croydon,2004,643.690961313582,139.77720888990618,742.9442089649525,13.28509828366533,1386.6351702785344,153.0623071735715,4605.121009538668,55923.12477495468
Ealing,2004,526.6885491074833,124.45108824062531,762.7868762123229,11.718959392278839,1289.4754253198062,136.17004763290413,4232.092756707234,65089.98373310288
Enfield,2004,580.7037526215973,121.00565201658402,555.022102821239,9.072762263977365,1135.7258554428363,130.0784142805614,4798.980402518809,61174.54493709234
Greenwich,2004,378.749706356144,95.07515600625972,402.90286626795006,8.697549442898046,781.652572624094,103.77270544915775,3983.6874559659645,46323.72243620173
Hackney,2004,333.40322007110876,87.17901159844766,407.20989680807446,17.280675068285152,740.6131168791833,104.45968666673281,3824.3519163395226,23564.466966653286
Hammersmith and Fulham,2004,285.36204717400415,75.26019822599274,685.345373130768,13.496539816440023,970.7074203047721,88.75673804243276,3791.6728084759175,50779.3391826218
Haringey,2004,430.8948018094281,99.35106062223383,449.7781702680908,10.047674861185797,880.6729720775189,109.39873548341961,4337.093123221252,44764.403355206625
Harrow,2004,402.09573400958885,84.01957659999417,293.6159365605918,6.029719027005243,695.7116705701807,90.04929562699942,4785.738637126347,48694.795768356205
Havering,2004,466.78001153911447,97.11127313537813,385.03013516169426,7.254246622333979,851.8101467008088,104.3655197577121,4806.651138106274,53076.51575785754
Hillingdon,2004,466.9944729676191,102.39701355684045,1240.9803860519135,7.784362242838929,1707.9748590195327,110.18137579967939,4560.6259083756495,159419.66051149904
Hounslow,2004,397.65015268999247,92.16180523317581,958.2846373712697,8.178774607237617,1355.9347900612622,100.34057984041343,4314.695786219788,117167.26323809655
Islington,2004,305.19799639141064,84.61262977109045,864.4232988620088,18.294392570937756,1169.6212952534195,102.9070223420282,3607.0028459945993,47250.72425936791
Kensington and Chelsea,2004,365.337444969479,83.13116008362101,1059.5556765781364,18.69904729475177,1424.8931215476155,101.83020737837278,4394.711256308571,56663.61819810574
Kingston upon Thames,2004,290.65321732580315,62.29620608328703,358.7516151924361,6.954454509429985,649.4048325182392,69.25066059271701,4665.664822946261,51585.87416252159
Lambeth,2004,452.1113591004213,119.61076193942438,642.7278930346641,17.537761684929695,1094.8392521350856,137.14852362435408,3779.8551883599603,36648.22823923786
Lewisham,2004,427.25461965758967,108.69292059419419,355.353691944543,11.270800366888423,782.6083116021326,119.96372096108261,3930.84128498808,31528.70074679949
Merton,2004,321.95594553947484,74.61549248205851,360.5433084274086,7.109666180434347,682.4992539668834,81.72515866249286,4314.86725919406,50711.70703057989
Newham,2004,358.2302243812004,92.21104633854223,849.6320316763988,11.028709085524044,1207.862256057599,103.23975542406627,3884.8949079918193,77038.21227740974
Redbridge,2004,409.5249689821693,91.6908846066165,281.07506875536876,7.8297313007834894,690.600037737538,99.5206159074,4466.365121671185,35898.43098795009
Richmond upon Thames,2004,358.1935431003821,78.65954223205385,399.74523710656047,9.18105867754551,757.9387802069425,87.84060090959935,4553.720158244422,43540.2115536233
Southwark,2004,441.54799073634354,112.86578143180127,1282.2432289194965,17.96739343254069,1723.79121965584,130.83317486434197,3912.1510978342653,71365.01094239023
Sutton,2004,364.60110687369263,77.70309388620083,310.1255427577503,6.780159731009304,674.7266496314429,84.48325361721014,4692.234100841145,45740.15289630715
Tower Hamlets,2004,339.35204540717103,86.4563557094712,2322.1759362092757,15.349770205607046,2661.5279816164466,101.80612591507824,3925.1254881426307,151284.08471945845
Waltham Forest,2004,380.37149200871966,90.76187411445808,365.3825787795428,8.917935009969378,745.7540707882625,99.67980912442746,4190.8730479610895,40971.65749370016
Wandsworth,2004,480.6093879055883,121.51180680490602,632.868754230722,15.948043956827087,1113.47814213631,137.4598507617331,3955.2484696177175,39683.15838255522
Westminster,2004,466.3400604100868,111.34181404759494,3408.616913946526,44.14832117204736,3874.956974356613,155.49013521964227,4188.364132550794,77208.30200231264
City of London,2005,25.66257870000006,5.52,2589.9454314999994,7.94,2615.6080101999996,13.46,4649.017880434794,326189.6009445843
Barking and Dagenham,2005,304.2517681,71.661,479.0393944,5.61,783.2911624999999,77.271,4245.709215612397,85390.26638146167
Barnet,2005,683.8011652000001,136.624,554.6665921,12.221,1238.4677573000001,148.845,5004.9856921185155,45386.35071598069
Bexley,2005,424.39077569999995,93.929,444.61743580000007,6.663,869.0082115,100.592,4518.2081753239145,66729.31649407175
Brent,2005,462.6181182,108.36,757.5955654,14.502,1220.2136836,122.862,4269.27019379845,52240.76440490967
Bromley,2005,614.2577887,132.03,477.9649612,11.124,1092.2227499,143.154,4652.4107301370905,42967.00478245236
Camden,2005,372.93656980000014,97.098,1445.2113675000003,28.167,1818.1479373000004,125.265,3840.8264825228134,51308.67211630633
Croydon,2005,640.6775049000004,140.57,747.6550922,12.744,1388.3325971000004,153.314,4557.7114953404025,58667.22317953547
Ealing,2005,527.8101986999997,125.001,802.8476829999997,11.719,1330.6578816999995,136.72,4222.4478100175165,68508.2074409079
Enfield,2005,569.0238949999999,121.392,575.5171991000002,8.972,1144.5410941,130.364,4687.490897258468,64145.92054168527
Greenwich,2005,399.8317800999999,100.548,422.1572157999999,8.977,821.9889958999997,109.525,3976.5264361300065,47026.53623705023
Hackney,2005,346.92637850000017,92.676,428.1032607,17.404,775.0296392000002,110.08,3743.4328035305816,24597.980964146172
Hammersmith and Fulham,2005,303.28164940000016,79.077,690.1730732999998,13.975,993.4547227,93.05199999999999,3835.2700456517086,49386.266425760274
Haringey,2005,420.9561838999999,100.418,378.10879470000003,10.03,799.0649785999999,110.44800000000001,4192.039115497221,37697.78611166501
Harrow,2005,395.6326794999999,84.687,293.35057279999995,6.016,688.9832522999998,90.703,4671.7049783319735,48761.730851063825
Havering,2005,459.24767980000007,97.735,422.9141392,7.23,882.1618190000002,104.965,4698.907042512918,58494.34843706777
Hillingdon,2005,465.3934751,102.769,1321.0345724999993,7.813,1786.4280475999992,110.58200000000001,4528.53949245395,169081.60405734027
Hounslow,2005,401.6364176,92.463,941.9764051999997,8.063,1343.6128227999998,100.526,4343.752826536021,116827.0377278928
Islington,2005,324.6351911,90.299,917.3526075000002,18.694,1241.9877986000001,108.99300000000001,3595.113911560482,49072.034208837074
Kensington and Chelsea,2005,390.5862422,87.859,1109.2452467000003,19.443,1499.8314889000003,107.30199999999999,4445.603093593144,57051.13648613898
Kingston upon Thames,2005,296.22418689999984,63.363,347.140941,6.744,643.3651278999998,70.107,4675.034119280966,51474.04225978648
Lambeth,2005,472.19472790000015,126.131,673.2221642000001,18.246,1145.4168921000003,144.377,3743.6849616668396,36896.97271730791
Lewisham,2005,450.4457069000002,114.126,432.47972120000003,11.695,882.9254281000002,125.821,3946.9157501358163,36979.88210346302
Merton,2005,340.68454440000005,78.402,366.42420319999997,7.418,707.1087476,85.82,4345.355276651106,49396.63025074143
Newham,2005,374.53035559999995,97.256,706.2890479000001,11.187,1080.8194035000001,108.443,3850.974290532203,63134.80360239565
Redbridge,2005,435.2446415,97.415,315.0603246,8.11,750.3049661,105.525,4467.942734691782,38848.37541307029
Richmond upon Thames,2005,368.37991029999995,80.031,423.8373664643799,9.111,792.2172767643799,89.14200000000001,4602.965229723482,46519.30265222037
Southwark,2005,466.97440969999997,119.243,1370.7042678999996,18.394,1837.6786775999997,137.637,3916.1578432276942,74519.09687398063
Sutton,2005,362.88381660000005,78.049,313.86843319999997,6.504,676.7522498000001,84.55300000000001,4649.435823649246,48257.75418204182
Tower Hamlets,2005,371.31220369999994,92.684,2223.6516458096003,15.766,2594.9638495096,108.45,4006.2168626731686,141040.95178292532
Waltham Forest,2005,389.66746970000025,94.783,365.37400740000004,9.107,755.0414771000003,103.89,4111.153579228345,40120.12818710883
Wandsworth,2005,515.6702311000003,128.174,666.171589,16.351,1181.8418201000004,144.525,4023.2046366657837,40741.94783193689
Westminster,2005,507.43569089999977,118.219,3545.950950000001,45.14,4053.3866409000007,163.35899999999998,4292.336180309424,78554.51816570672
City of London,2006,24.59111849999998,5.557,2717.8201720999996,7.942,2742.4112905999996,13.499,4425.250764801148,342208.5333795013
Barking and Dagenham,2006,302.26508270000005,71.776,483.2300570500001,5.489,785.4951397500001,77.265,4211.227746043246,88036.0825378029
Barnet,2006,681.9877409500001,137.116,569.4704499500002,11.864,1251.4581909000003,148.98,4973.801313851046,47999.8693484491
Bexley,2006,417.1661744500001,93.806,445.6818409499999,6.693,862.8480154,100.499,4447.116116772915,66589.24861048856
Brent,2006,457.94072850000026,109.222,699.5731908000001,13.733,1157.5139193000005,122.955,4192.751721264949,50941.031879414564
Bromley,2006,608.6681149999997,132.141,525.0740426000001,10.957,1133.7421575999997,143.09799999999998,4606.2018222958795,47921.3327188099
Camden,2006,368.26998825,97.435,1594.38926975,27.915,1962.6592580000001,125.35,3779.647849848617,57115.86135590184
Croydon,2006,635.54011065,139.818,758.2348758,12.325,1393.7749864500001,152.143,4545.481344676651,61520.07105882354
Ealing,2006,515.6385938999999,126.048,852.222463,11.775,1367.8610568999998,137.823,4090.811388518659,72375.58072186836
Enfield,2006,559.0233459000001,121.948,821.95751815,8.642,1380.98086405,130.59,4584.112456948864,95111.95535177043
Greenwich,2006,394.2153248499999,101.531,436.533407,8.94,830.7487318499999,110.471,3882.7089741064297,48829.24015659955
Hackney,2006,341.88671855,93.824,438.44645748629995,17.111,780.3331760363,110.935,3643.915400643759,25623.660656086722
Hammersmith and Fulham,2006,295.5652126000002,79.695,727.0805085,13.891,1022.6457211000002,93.586,3708.7045937637267,52341.84065222086
Haringey,2006,419.83454430000006,100.967,393.34800529999995,9.621,813.1825496,110.588,4158.136265314411,40884.31611059141
Harrow,2006,394.91846700000013,84.813,275.12912570000003,5.968,670.0475927000002,90.781,4656.343567613457,46100.72481568366
Havering,2006,457.64591164999996,97.975,431.54079435,7.122,889.186706,105.097,4671.047835162031,60592.64172283067
Hillingdon,2006,460.58683679999996,102.81,1327.3695186000002,7.843,1787.9563554000001,110.653,4479.980904581266,169242.57536656893
Hounslow,2006,399.3742502999999,93.552,978.3196799500001,8.161,1377.69393025,101.71300000000001,4269.00814840944,119877.42677980641
Islington,2006,317.53092274999995,91.608,947.60147555,18.457,1265.1323983,110.065,3466.1920656492875,51341.03459663001
Kensington and Chelsea,2006,381.78715964999986,88.135,1131.5205332,19.131,1513.30769285,107.266,4331.84500652408,59145.916742459885
Kingston upon Thames,2006,290.58713564999994,63.468,347.1948469,6.584,637.78198255,70.052,4578.482631404801,52733.1176944107
Lambeth,2006,461.38598490000015,127.399,693.93209175,18.018,1155.3180766500002,145.417,3621.5824684652166,38513.269605394606
Lewisham,2006,440.14315095,114.485,433.61540435000006,11.563,873.7585553000001,126.048,3844.5486391230293,37500.25117616536
Merton,2006,334.90535524999996,78.871,344.9882605,7.418,679.89361575,86.289,4246.242031291602,46506.91028579132
Newham,2006,374.88740425000003,98.321,869.5667777000001,10.452,1244.45418195,108.773,3812.892507704357,83196.20911787219
Redbridge,2006,427.46914740000017,97.994,306.481869,7.955,733.9510164000002,105.949,4362.19714880503,38526.94770584538
Richmond upon Thames,2006,365.75673329999995,80.54,423.264351,8.879,789.0210843,89.41900000000001,4541.305355103053,47670.27266584075
Southwark,2006,454.54041204999993,120.285,1375.6828435500001,18.326,1830.2232556000001,138.611,3778.861969904809,75067.2729209866
Sutton,2006,360.9288166,77.582,311.7594134,6.331,672.68823,83.913,4652.2236678611025,49243.31280998263
Tower Hamlets,2006,365.57654489999993,94.811,2713.9285996499993,15.873,3079.5051445499994,110.68400000000001,3855.8452595163,170977.6727556227
Waltham Forest,2006,381.04182970000005,94.909,378.6338634,9.106,759.6756931,104.015,4014.812396084671,41580.70101032286
Wandsworth,2006,508.6297165999999,129.788,679.7559161000001,16.165,1188.3856327,145.953,3918.9271473479816,42051.09286111971
Westminster,2006,500.55699354999985,119.137,3709.175867549999,45.189,4209.732861099999,164.326,4201.524241419541,82081.38855805615
City of London,2007,25.07850089999996,5.651,2530.0315533999965,7.8,2555.1100542999966,13.451,4437.887258892224,324363.0196666662
Barking and Dagenham,2007,299.18717079999993,72.545,485.6192810000001,5.476,784.8064518000001,78.021,4124.159773933419,88681.38805697592
Barnet,2007,678.1080956999998,138.232,538.7234561999999,11.795,1216.8315518999996,150.027,4905.579718878406,45673.88352691817
Bexley,2007,418.06938640000004,94.62,432.6974546,6.684,850.766841,101.304,4418.403999154513,64736.303800119684
Brent,2007,463.3895975,110.283,755.6069492000001,13.727,1218.9965467000002,124.01,4201.8225610474865,55045.30845778394
Bromley,2007,608.7410676000002,133.787,474.8980073999999,10.943,1083.639075,144.73,4550.0763721437825,43397.423686374845
Camden,2007,370.51425880000005,98.335,1559.3081286999998,27.628,1929.8223875,125.963,3767.8777525804653,56439.413953235846
Croydon,2007,638.7369461999999,143.359,736.5880276999999,12.254,1375.3249738999998,155.613,4455.506429313819,60110.00715684673
Ealing,2007,519.1540142,127.176,916.2222509999998,11.702,1435.3762651999998,138.878,4082.1697034031577,78296.21013501963
Enfield,2007,561.3559001000001,123.175,845.9307107,8.728,1407.2866108000003,131.903,4557.385022122997,96921.4838107241
Greenwich,2007,395.5830532999998,102.747,422.99487699999986,8.909,818.5779302999997,111.656,3850.069133891985,47479.50129082948
Hackney,2007,344.95887289999985,95.705,431.1052669,16.945,776.0641397999998,112.65,3604.3976061856733,25441.44390085571
Hammersmith and Fulham,2007,298.5263716,80.599,731.7679838,13.862,1030.2943554,94.461,3703.8470899142667,52789.49529649401
Haringey,2007,415.5124429000002,102.36,344.28603680000003,9.432,759.7984797000003,111.792,4059.324373778822,36501.912298558105
Harrow,2007,391.6442525999999,85.416,270.58032940000004,5.918,662.224582,91.334,4585.139231525709,45721.58320378506
Havering,2007,456.44252229999984,98.861,407.46485179999996,7.163,863.9073740999997,106.024,4617.013001082326,56884.66449811531
Hillingdon,2007,458.63599519999997,103.575,1225.6592137,7.799,1684.2952089,111.374,4428.05691720975,157155.94482625977
Hounslow,2007,405.28152069999993,94.889,969.2157979999997,8.175,1374.4973186999998,103.064,4271.111727386735,118558.50740061158
Islington,2007,323.2376894999999,93.38,923.3121005,18.388,1246.54979,111.768,3461.5301938316543,50212.7529095062
Kensington and Chelsea,2007,383.55968269999994,88.676,1104.3738162,19.014,1487.9334989000001,107.69,4325.40577721142,58082.14032817924
Kingston upon Thames,2007,294.4857019,64.319,340.13958609999986,6.513,634.6252879999997,70.832,4578.518041325269,52224.717656993686
Lambeth,2007,462.25160719999985,129.401,678.4340901000002,17.95,1140.6856973,147.351,3572.2413829877655,37795.771036211714
Lewisham,2007,442.0964915999999,115.872,428.2281036,11.525,870.3245952,127.397,3815.3867336371163,37156.45150542299
Merton,2007,335.9090680999999,79.533,329.75894739999995,7.449,665.6680154999999,86.982,4223.5181383828085,44268.88809236138
Newham,2007,379.88471109999995,100.443,862.9964374000001,10.276,1242.8811485,110.719,3782.0924414842243,83981.74750875829
Redbridge,2007,430.21778470000004,99.097,298.6899495,7.924,728.9077342,107.021,4341.3805130326855,37694.339916708734
Richmond upon Thames,2007,363.8711788,81.013,421.45805120000006,8.732,785.32923,89.745,4491.5159147297345,48265.92432432434
Southwark,2007,465.19227100000023,123.13,1317.8011347,18.199,1782.9934057,141.329,3778.057914399417,72410.63435903071
Sutton,2007,363.5867513,79.228,308.8854137000001,6.258,672.472165,85.486,4589.119393396275,49358.48732821989
Tower Hamlets,2007,377.55476169999986,97.621,2712.797098000001,15.756,3090.3518597000007,113.377,3867.556793108039,172175.49492256925
Waltham Forest,2007,381.36693680000013,95.991,360.00177360000004,9.006,741.3687104,104.997,3972.9447219010126,39973.54803464357
Wandsworth,2007,516.5917993999999,131.57,643.8150450999999,16.138,1160.4068444999998,147.708,3926.3646682374397,39894.35153674556
Westminster,2007,504.96931420000016,119.43,3613.9782243,44.454,4118.9475385000005,163.884,4228.161384911665,81297.03118504521
City of London,2008,25.406250800000002,5.713,2558.312509420001,7.46,2583.718760220001,13.173,4447.094486259409,342937.333702413
Barking and Dagenham,2008,285.21165260000004,72.478,467.6023227,5.46,752.8139753,77.93799999999999,3935.1479428240295,85641.45104395604
Barnet,2008,651.1977693,139.458,559.6143959,11.602,1210.8121652,151.06,4669.490235769909,48234.304076883294
Bexley,2008,402.47400760000005,94.626,430.1155386,6.682,832.5895462000001,101.308,4253.313123243083,64369.28144268183
Brent,2008,446.63664679999994,110.431,836.22298435,13.496,1282.85963115,123.92699999999999,4044.4861207450804,61960.80204134559
Bromley,2008,587.6993395,133.807,460.14432719999996,10.796,1047.8436666999999,144.60299999999998,4392.141961930242,42621.74205261208
Camden,2008,362.7776216,98.859,1459.05521934,27.128,1821.8328409399999,125.987,3669.6468869804467,53784.10569669714
Croydon,2008,624.9670964,144.113,740.34141584,12.034,1365.3085122399998,156.147,4336.646217898455,61520.80902775469
Ealing,2008,503.2086021999999,128.065,900.8211209200001,11.77,1404.02972312,139.835,3929.3218459376094,76535.35436873407
Enfield,2008,533.1965446,123.118,580.1369679000001,8.517,1113.3335125,131.635,4330.77652820871,68115.17763296937
Greenwich,2008,386.464999,102.705,438.61556242999995,8.731,825.08056143,111.43599999999999,3762.8645051360695,50236.57798992097
Hackney,2008,341.86386760000005,97.108,437.97190487,16.711,779.83577247,113.819,3520.450092680315,26208.59941774879
Hammersmith and Fulham,2008,294.4917891,80.811,713.95650975,13.718,1008.44829885,94.52900000000001,3644.2042432342137,52045.23325193177
Haringey,2008,397.1300047,102.756,422.2254427,9.3,819.3554474,112.056,3864.786530226945,45400.58523655914
Harrow,2008,373.16145689999996,85.755,264.5605082,5.815,637.7219651,91.57,4351.483375896449,45496.21809114359
Havering,2008,434.62519610000004,99.109,414.86930335,6.981,849.49449945,106.08999999999999,4385.325208608704,59428.348854032374
Hillingdon,2008,442.9002941,104.335,1363.7389639,7.815,1806.6392580000002,112.14999999999999,4244.982930943595,174502.74650031992
Hounslow,2008,397.0402425,95.788,890.18888944,8.057,1287.2291319400001,103.845,4144.989377583831,110486.3956112697
Islington,2008,322.01079179999994,94.98,972.26440374,18.287,1294.27519554,113.267,3390.301029690461,53166.97127686335
Kensington and Chelsea,2008,381.480446,88.599,1101.34592726,18.847,1482.82637326,107.446,4305.6969717491165,58436.13982384464
Kingston upon Thames,2008,284.28222239999997,64.253,329.89944648,6.332,614.18166888,70.585,4424.419441893763,52100.35478205938
Lambeth,2008,455.0519944,130.362,689.23450579,17.74,1144.28650019,148.102,3490.679756370722,38852.00145377677
Lewisham,2008,432.44589270000006,116.298,356.4002821,11.429,788.8461748000001,127.727,3718.4293169272046,31183.85528917666
Merton,2008,327.133191,80.101,491.15263340999996,7.338,818.28582441,87.439,4084.0088263567245,66932.76552330334
Newham,2008,374.180072,101.412,874.2970206,10.01,1248.4770926,111.42200000000001,3689.7021259811463,87342.3597002997
Redbridge,2008,419.3455215,99.321,291.5193634,7.913,710.8648849,107.234,4222.123433110823,36840.561531656764
Richmond upon Thames,2008,354.03561620000005,80.851,405.506359,8.508,759.5419752,89.359,4378.865025788179,47661.7723319229
Southwark,2008,455.6123353999999,123.197,1294.59767532,17.867,1750.21001072,141.064,3698.2421276492114,72457.47329266244
Sutton,2008,352.04907260000004,79.106,333.65434412999997,6.132,685.7034167300001,85.238,4450.346024321796,54411.993498043055
Tower Hamlets,2008,382.8368698,100.218,2793.27042189,15.605,3176.10729169,115.82300000000001,3820.0410086012494,178998.4249849407
Waltham Forest,2008,371.876986,96.696,418.45967314999996,8.894,790.33665915,105.59,3845.836291056507,47049.659675061834
Wandsworth,2008,511.10036160000004,132.693,494.77990918,16.094,1005.88027078,148.787,3851.750744952635,30743.128444140675
Westminster,2008,496.14342209999995,119.941,3619.0556301300003,43.238,4115.19905223,163.179,4136.562327310928,83700.81016998936
City of London,2009,25.71634290000001,5.759,2441.3209723,7.394,2467.0373152,13.153,4465.418110783124,330175.94972951047
Barking and Dagenham,2009,280.8347960999999,72.769,441.40578319999986,5.421,722.2405792999998,78.19000000000001,3859.264193543953,81425.15831027483
Barnet,2009,643.4015886999996,140.237,553.9534485999999,11.493,1197.3550372999994,151.73,4587.958874619391,48199.20374140781
Bexley,2009,401.9691020000003,94.996,404.69945410000025,6.618,806.6685561000006,101.61399999999999,4231.431870815616,61151.32277123002
Brent,2009,445.17860019999966,111.285,801.1496786,13.301,1246.3282787999997,124.586,4000.346858965716,60232.28919630103
Bromley,2009,586.1811492999999,134.79,471.1470056,10.779,1057.3281548999998,145.569,4348.847461235996,43709.71385100659
Camden,2009,367.1179565000002,99.416,1419.4677899000005,26.716,1786.5857464000007,126.132,3692.7451969501917,53131.748386734565
Croydon,2009,613.1417499000001,145.839,720.6294420000006,11.95,1333.7711919000008,157.789,4204.237206097135,60303.71899581595
Ealing,2009,501.0225336000001,128.803,894.3151769999994,11.811,1395.3377105999994,140.614,3889.8359013377026,75718.8364236728
Enfield,2009,524.3087004000002,123.431,538.9833067999998,8.54,1063.2920072000002,131.971,4247.787836118968,63112.799391100685
Greenwich,2009,386.73287399999987,103.269,415.5760164383598,8.7,802.3088904383596,111.96900000000001,3744.9077070563276,47767.35821130573
Hackney,2009,344.4822818999998,98.909,431.5125339999998,16.542,775.9948158999996,115.45100000000001,3482.820389448885,26085.874380365116
Hammersmith and Fulham,2009,295.38926630000003,81.388,759.1658569000003,13.585,1054.5551232000003,94.97300000000001,3629.3958114218312,55882.65417004051
Haringey,2009,384.68069840000004,103.653,416.9314786000002,9.126,801.6121770000002,112.77900000000001,3711.2355493811083,45686.114245014265
Harrow,2009,369.96584170000017,86.23,261.4709397,5.757,631.4367814000002,91.98700000000001,4290.453922068888,45417.91552892131
Havering,2009,427.49629210000006,99.603,406.38909049999984,6.876,833.8853826,106.479,4292.002169613366,59102.543702734125
Hillingdon,2009,440.4341977,104.953,1205.1080828000006,7.796,1645.5422805000007,112.74900000000001,4196.489835450155,154580.3082093382
Hounslow,2009,392.92799839999975,96.712,957.5407540999996,8.062,1350.4687524999995,104.774,4062.8670526925275,118772.11040684691
Islington,2009,324.6261285000001,96.566,955.6985094000003,18.156,1280.3246379000004,114.72200000000001,3361.7021363626964,52638.16421017847
Kensington and Chelsea,2009,383.5374527000001,88.592,1115.4259655000005,18.745,1498.9634182000007,107.337,4329.256058109085,59505.25289410512
Kingston upon Thames,2009,282.28751110000013,64.581,329.6642274,6.238,611.9517385000001,70.819,4371.06131989285,52847.74405258096
Lambeth,2009,453.6136213000001,132.392,721.1886370000005,17.652,1174.8022583000006,150.04399999999998,3426.291779714787,40855.91644006348
Lewisham,2009,430.85250530000013,117.172,360.08357639999997,11.324,790.9360817000002,128.496,3677.094402246272,31798.26707877075
Merton,2009,326.62605630000024,80.621,486.2349881000001,7.318,812.8610444000003,87.939,4051.3768906364376,66443.69883848047
Newham,2009,379.3235726,102.346,921.5732455000003,9.916,1300.8968181000002,112.262,3706.2862505618195,92938.00378176688
Redbridge,2009,423.4028143999999,100.586,290.2649150000002,7.892,713.6677294000001,108.478,4209.361286859005,36779.639508362925
Richmond upon Thames,2009,353.0300260000001,81.413,383.8887691000003,8.402,736.9187951000004,89.815,4336.2856791912845,45690.16532968344
Southwark,2009,458.07021790000005,125.035,1191.5085863,17.73,1649.5788042,142.765,3663.535953133123,67202.9659503666
Sutton,2009,348.7810844,79.87,368.41088739999975,6.047,717.1919717999997,85.917,4366.859702015775,60924.57208533153
Tower Hamlets,2009,393.98265719999995,104.329,2638.262125599999,15.557,3032.2447827999986,119.886,3776.3484476991052,169586.81786976918
Waltham Forest,2009,369.1103476,97.131,380.45715769999987,8.834,749.5675052999999,105.965,3800.1291822384205,43067.37125877291
Wandsworth,2009,508.6954661000007,134.076,495.0173480999998,15.92,1003.7128142000006,149.99599999999998,3794.082953697908,31094.054528894463
Westminster,2009,504.0633072000001,120.774,3531.2115827999996,42.541,4035.2748899999997,163.315,4173.607789756074,83007.25377400624
City of London,2010,26.42341630000001,5.8,2657.31421825,7.396,2683.73763455,13.196,4555.761431034485,359290.72718361276
Barking and Dagenham,2010,285.2507005000013,73.322,471.8798681499998,5.397,757.1305686500011,78.71900000000001,3890.383520635025,87433.73506577725
Barnet,2010,651.24877605,141.019,562.1431859500002,11.515,1213.3919620000001,152.534,4618.163340046376,48818.34007381678
Bexley,2010,402.54936510000033,95.247,404.35000614999973,6.681,806.8993712500001,101.928,4226.373167658827,60522.37781020801
Brent,2010,446.86472994999997,111.782,639.0579035999989,13.127,1085.9226335499989,124.90899999999999,3997.644790306131,48682.70767121192
Bromley,2010,586.936181449995,135.324,460.5274654000001,10.679,1047.4636468499953,146.00300000000001,4337.265979796599,43124.58707744172
Camden,2010,367.128164649998,99.819,1459.6392970499999,26.301,1826.767461699998,126.12,3677.938715575171,55497.48287327478
Croydon,2010,615.294342299997,146.834,721.9773988000002,11.795,1337.2717410999971,158.629,4190.4078231199655,61210.46195845699
Ealing,2010,503.5615078999973,128.939,859.0791227,11.722,1362.6406305999972,140.661,3905.424331660687,73287.75999829381
Enfield,2010,527.1415170000021,124.113,545.2480411000003,8.586,1072.3895581000024,132.699,4247.270769379534,63504.31412764969
Greenwich,2010,388.8085941999981,104.58,417.7778001999996,8.763,806.5863943999977,113.343,3717.810233314191,47675.202579025405
Hackney,2010,350.993828450001,99.757,454.84168775000006,16.405,805.835516200001,116.162,3518.488210852381,27725.796266382204
Hammersmith and Fulham,2010,293.824230999999,81.945,752.8296046000002,13.568,1046.6538355999992,95.51299999999999,3585.627323204576,55485.67250884435
Haringey,2010,388.423260499997,104.104,416.1667639499998,8.997,804.5900244499968,113.101,3731.107935333868,46256.17027342445
Harrow,2010,373.368212850002,86.688,254.30850255000016,5.735,627.6767154000022,92.423,4307.034570528816,44343.243687881455
Havering,2010,431.6249365,99.955,473.08842269999985,6.946,904.7133591999998,106.901,4318.1925516482415,68109.47634609845
Hillingdon,2010,443.1156678500014,105.506,1140.3886775,7.807,1583.5043453500016,113.313,4199.909653005529,146072.58582041756
Hounslow,2010,398.12407415000104,97.215,1003.6932593000004,8.033,1401.8173334500013,105.248,4095.294698863355,124946.25411427866
Islington,2010,327.9531127499959,97.107,983.79769615,17.944,1311.750808899996,115.051,3377.2345222280155,54825.99733337049
Kensington and Chelsea,2010,386.48708935000104,88.493,1257.6674388499998,18.524,1644.1545282000009,107.017,4367.431201902988,67893.9450901533
Kingston upon Thames,2010,283.1352059999981,64.883,321.25830685000017,6.152,604.3935128499983,71.035,4363.781052047502,52220.14090539665
Lambeth,2010,457.8123170499969,133.711,696.702823199999,17.509,1154.515140249996,151.22000000000003,3423.894197560387,39791.12588954246
Lewisham,2010,428.65817015000226,118.017,363.817404,11.12,792.4755741500023,129.137,3632.1730780311505,32717.39244604317
Merton,2010,329.97328869999814,80.987,493.6517691499996,7.369,823.6250578499978,88.356,4074.398220702065,66990.33371556515
Newham,2010,385.72285724999773,103.276,967.1921047999999,9.873,1352.9149620499977,113.149,3734.8740970796484,97963.34496100477
Redbridge,2010,425.73301314999804,101.12,287.7099639999999,7.948,713.4429771499979,109.06800000000001,4210.176158524506,36199.03925515852
Richmond upon Thames,2010,355.83685345000305,81.835,378.3783328499998,8.282,734.2151863000029,90.11699999999999,4348.223296266916,45686.83081985026
Southwark,2010,463.5458494000019,126.42,1211.5295445999989,17.577,1675.0753940000009,143.997,3666.7129362442797,68926.98097513789
Sutton,2010,346.665123550003,80.095,389.0774220499998,6.033,735.7425456000028,86.128,4328.1743373494355,64491.53357367807
Tower Hamlets,2010,402.680875050001,106.237,2762.359124499999,15.587,3165.0399995499997,121.824,3790.4014142906994,177221.98784243272
Waltham Forest,2010,369.2376052999989,97.392,387.1543252499999,8.675,756.3919305499987,106.067,3791.251902620327,44628.740662824195
Wandsworth,2010,513.5576899000008,134.786,497.75732035000004,15.838,1011.3150102500008,150.624,3810.1708627008798,31428.041441469886
Westminster,2010,510.8138911000027,121.309,3553.0605278999883,42.018,4063.874418999991,163.327,4210.849080447475,84560.43904755077
City of London,2011,25.55815839999999,5.781,2359.3897008999998,7.046,2384.9478593,12.827,4421.061823213975,334855.19456429174
Barking and Dagenham,2011,282.4628834999999,73.4,433.45270819999996,5.387,715.9155916999998,78.787,3848.2681675749304,80462.72660107666
Barnet,2011,644.9721959000002,142.066,549.4244053000001,11.69,1194.3966012000003,153.756,4539.947601114976,46999.5214114628
Bexley,2011,397.89880539999996,95.446,384.86431489999995,6.555,782.7631202999999,102.001,4168.836885778345,58713.09151792524
Brent,2011,439.40974639999985,112.595,593.9271849,13.209,1033.3369312999998,125.804,3902.5689098094927,44963.826550079495
Bromley,2011,584.8425018,135.711,449.78004780000003,10.761,1034.6225496000002,146.472,4309.470137277008,41797.23518260386
Camden,2011,363.54045189999994,100.167,1401.5013632,26.048,1765.0418151,126.215,3629.343515329399,53804.567076167084
Croydon,2011,618.7837662000001,146.747,690.8562628,11.785,1309.6400290000001,158.532,4216.670638582049,58621.65997454391
Ealing,2011,497.58570810000015,129.638,880.9337642,11.925,1378.5194723000002,141.56300000000002,3838.2704770206274,73872.85234381551
Enfield,2011,519.4938015,124.223,496.5554826999999,8.497,1016.0492841999999,132.72,4181.945384510115,58438.91758267623
Greenwich,2011,385.52425800000003,105.48,372.84037400000005,8.736,758.364632,114.21600000000001,3654.951251422071,42678.61423992675
Hackney,2011,354.6149649000001,101.2,470.98288019999984,16.268,825.5978450999999,117.468,3504.10044367589,28951.492512908768
Hammersmith and Fulham,2011,291.06480960000005,82.305,732.5414311000001,13.404,1023.6062407000002,95.709,3536.417102241662,54650.95725902716
Haringey,2011,386.7932837000001,104.675,395.12734939999996,9.037,781.9206331,113.712,3695.1830303319807,43723.287529047244
Harrow,2011,367.9799766,86.992,255.2915039,5.856,623.2714805,92.848,4230.043872999816,43594.8606386612
Havering,2011,424.99040820000005,100.141,400.4761611,7.008,825.4665693000001,107.149,4243.92015458204,57145.570933219184
Hillingdon,2011,442.1680815000001,106.576,1049.8649808,7.947,1492.0330623,114.523,4148.852288507733,132108.3403548509
Hounslow,2011,394.9412754000001,97.848,995.2840979,8.178,1390.2253733000002,106.026,4036.2733566347815,121702.6287478601
Islington,2011,323.5890319999999,98.221,897.9462474999999,17.794,1221.5352795,116.015,3294.499465491085,50463.42854332921
Kensington and Chelsea,2011,384.30288130000025,88.481,1271.6559488000003,18.304,1655.9588301000006,106.785,4343.337906443195,69474.21048951051
Kingston upon Thames,2011,279.5328840000001,65.067,324.1258562,6.246,603.6587402,71.31299999999999,4296.077643044863,51893.34873519051
Lambeth,2011,455.4864944999999,134.353,679.6683582,17.415,1135.1548526999998,151.768,3390.2219861112135,39027.755279931094
Lewisham,2011,429.4479907,118.981,334.4584414,11.267,763.9064321000001,130.248,3609.382932569066,29684.782231294936
Merton,2011,326.7710934,81.381,468.7164466,7.362,795.48754,88.743,4015.3241346260183,63666.99899483836
Newham,2011,386.1255937,103.905,973.3733156000001,9.781,1359.4989093000002,113.686,3716.1406448197877,99516.74834883958
Redbridge,2011,422.99613980000004,101.182,280.8079281,7.962,703.8040679000001,109.144,4180.547328576229,35268.51646571214
Richmond upon Thames,2011,353.6910294,82.131,345.6707102,8.253,699.3617396,90.384,4306.425459327173,41884.24938810129
Southwark,2011,462.1515142000001,127.694,1130.2614753,17.471,1592.4129895,145.165,3619.2108806991723,64693.576515368324
Sutton,2011,346.51881210000005,80.248,346.0887126,6.105,692.6075247000001,86.35300000000001,4318.0990442129405,56689.387813267815
Tower Hamlets,2011,401.72250189999994,108.589,2362.4679783,15.579,2764.1904802,124.168,3699.4769442577053,151644.39170036587
Waltham Forest,2011,369.6162987999999,98.008,365.13182499999994,8.663,734.7481237999998,106.67099999999999,3771.2870255489343,42148.42721920812
Wandsworth,2011,508.50364669999993,135.46,475.2476429999999,15.766,983.7512896999999,151.226,3753.902603720655,30143.831219079024
Westminster,2011,500.82981360000025,121.403,3403.1167417000006,41.219,3903.946555300001,162.622,4125.349567967844,82561.84627720228
City of London,2012,26.553341,5.903,2455.826807,6.97,2482.380147,12.873,4498.0,352342.0
Barking and Dagenham,2012,275.055415,73.702,438.389514,5.374,713.444929,79.076,3732.0,81576.0
Barnet,2012,639.387273,142.574,529.113609,11.818,1168.500882,154.392,4485.0,44772.0
Bexley,2012,391.893263,95.788,401.759811,6.57,793.653074,102.358,4091.0,61151.0
Brent,2012,438.183184,113.277,826.60636,13.169,1264.789544,126.446,3868.0,62769.0
Bromley,2012,576.999892,136.522,449.173534,10.795,1026.173426,147.317,4226.0,41609.0
Camden,2012,360.814352,100.877,1421.017591,25.773,1781.831942,126.65,3577.0,55136.0
Croydon,2012,614.12035,148.167,700.20887,11.823,1314.329219,159.99,4145.0,59224.0
Ealing,2012,494.295091,130.589,925.108856,11.939,1419.403947,142.528,3785.0,77486.0
Enfield,2012,513.429803,124.416,536.90198,8.537,1050.331783,132.953,4127.0,62891.0
Greenwich,2012,379.517583,106.092,420.396925,8.702,799.914508,114.794,3577.0,48310.0
Hackney,2012,350.259448,103.091,549.009149,16.107,899.268597,119.198,3398.0,34085.0
Hammersmith and Fulham,2012,290.145493,82.603,720.797933,13.371,1010.943427,95.974,3513.0,53908.0
Haringey,2012,376.896977,105.394,402.66975,9.051,779.566727,114.445,3576.0,44489.0
Harrow,2012,361.908663,87.697,250.253738,5.931,612.162401,93.628,4127.0,42194.0
Havering,2012,418.072412,100.731,400.291115,7.063,818.363527,107.794,4150.0,56674.0
Hillingdon,2012,438.329931,107.611,1308.400492,8.004,1746.730423,115.615,4073.0,163468.0
Hounslow,2012,392.22548,98.17,977.599414,8.117,1369.824895,106.287,3995.0,120439.0
Islington,2012,324.713669,100.205,937.478377,17.7,1262.192046,117.905,3240.0,52965.0
Kensington and Chelsea,2012,385.98086,88.41,1114.074388,18.275,1500.055248,106.685,4366.0,60962.0
Kingston upon Thames,2012,279.736829,65.365,316.006248,6.211,595.743076,71.576,4280.0,50878.0
Lambeth,2012,453.133795,135.136,675.820594,17.46,1128.954389,152.596,3353.0,38707.0
Lewisham,2012,426.531734,120.605,334.443832,11.166,760.975566,131.771,3537.0,29952.0
Merton,2012,324.484865,82.176,458.668574,7.389,783.153439,89.565,3949.0,62075.0
Newham,2012,383.451834,104.579,994.6116,9.811,1378.063434,114.39,3667.0,101377.0
Redbridge,2012,418.092037,101.422,277.426475,7.967,695.518512,109.389,4122.0,34822.0
Richmond upon Thames,2012,352.104225,82.606,359.390676,8.324,711.4949,90.93,4262.0,43175.0
Southwark,2012,458.0797,128.327,1222.350478,17.352,1680.430178,145.679,3570.0,70444.0
Sutton,2012,343.239218,80.683,377.447472,6.137,720.68669,86.82,4254.0,61504.0
Tower Hamlets,2012,409.351059,110.981,2463.628902,15.755,2872.979961,126.736,3688.0,156371.0
Waltham Forest,2012,364.811465,98.546,341.785587,8.691,706.597052,107.237,3702.0,39326.0
Wandsworth,2012,509.843223,136.297,480.223095,15.714,990.066318,152.011,3741.0,30560.0
Westminster,2012,503.714507,121.865,3464.637013,40.803,3968.35152,162.668,4133.0,84911.0
City of London,2013,26.553341,5.903,2455.826807,6.97,2482.380147,12.873,4498.0,352342.0
Barking and Dagenham,2013,275.055415,73.702,438.389514,5.374,713.444929,79.076,3732.0,81576.0
Barnet,2013,639.387273,142.574,529.113609,11.818,1168.500882,154.392,4485.0,44772.0
Bexley,2013,391.893263,95.788,401.759811,6.57,793.653074,102.358,4091.0,61151.0
Brent,2013,438.183184,113.277,826.60636,13.169,1264.789544,126.446,3868.0,62769.0
Bromley,2013,576.999892,136.522,449.173534,10.795,1026.173426,147.317,4226.0,41609.0
Camden,2013,360.814352,100.877,1421.017591,25.773,1781.831942,126.65,3577.0,55136.0
Croydon,2013,614.12035,148.167,700.20887,11.823,1314.329219,159.99,4145.0,59224.0
Ealing,2013,494.295091,130.589,925.108856,11.939,1419.403947,142.528,3785.0,77486.0
Enfield,2013,513.429803,124.416,536.90198,8.537,1050.331783,132.953,4127.0,62891.0
Greenwich,2013,379.517583,106.092,420.396925,8.702,799.914508,114.794,3577.0,48310.0
Hackney,2013,350.259448,103.091,549.009149,16.107,899.268597,119.198,3398.0,34085.0
Hammersmith and Fulham,2013,290.145493,82.603,720.797933,13.371,1010.943427,95.974,3513.0,53908.0
Haringey,2013,376.896977,105.394,402.66975,9.051,779.566727,114.445,3576.0,44489.0
Harrow,2013,361.908663,87.697,250.253738,5.931,612.162401,93.628,4127.0,42194.0
Havering,2013,418.072412,100.731,400.291115,7.063,818.363527,107.794,4150.0,56674.0
Hillingdon,2013,438.329931,107.611,1308.400492,8.004,1746.730423,115.615,4073.0,163468.0
Hounslow,2013,392.22548,98.17,977.599414,8.117,1369.824895,106.287,3995.0,120439.0
Islington,2013,324.713669,100.205,937.478377,17.7,1262.192046,117.905,3240.0,52965.0
Kensington and Chelsea,2013,385.98086,88.41,1114.074388,18.275,1500.055248,106.685,4366.0,60962.0
Kingston upon Thames,2013,279.736829,65.365,316.006248,6.211,595.743076,71.576,4280.0,50878.0
Lambeth,2013,453.133795,135.136,675.820594,17.46,1128.954389,152.596,3353.0,38707.0
Lewisham,2013,426.531734,120.605,334.443832,11.166,760.975566,131.771,3537.0,29952.0
Merton,2013,324.484865,82.176,458.668574,7.389,783.153439,89.565,3949.0,62075.0
Newham,2013,383.451834,104.579,994.6116,9.811,1378.063434,114.39,3667.0,101377.0
Redbridge,2013,418.092037,101.422,277.426475,7.967,695.518512,109.389,4122.0,34822.0
Richmond upon Thames,2013,352.104225,82.606,359.390676,8.324,711.4949,90.93,4262.0,43175.0
Southwark,2013,458.0797,128.327,1222.350478,17.352,1680.430178,145.679,3570.0,70444.0
Sutton,2013,343.239218,80.683,377.447472,6.137,720.68669,86.82,4254.0,61504.0
Tower Hamlets,2013,409.351059,110.981,2463.628902,15.755,2872.979961,126.736,3688.0,156371.0
Waltham Forest,2013,364.811465,98.546,341.785587,8.691,706.597052,107.237,3702.0,39326.0
Wandsworth,2013,509.843223,136.297,480.223095,15.714,990.066318,152.011,3741.0,30560.0
Westminster,2013,503.714507,121.865,3464.637013,40.803,3968.35152,162.668,4133.0,84911.0
City of London,2014,26.553341,5.903,2455.826807,6.97,2482.380147,12.873,4498.0,352342.0
Barking and Dagenham,2014,275.055415,73.702,438.389514,5.374,713.444929,79.076,3732.0,81576.0
Barnet,2014,639.387273,142.574,529.113609,11.818,1168.500882,154.392,4485.0,44772.0
Bexley,2014,391.893263,95.788,401.759811,6.57,793.653074,102.358,4091.0,61151.0
Brent,2014,438.183184,113.277,826.60636,13.169,1264.789544,126.446,3868.0,62769.0
Bromley,2014,576.999892,136.522,449.173534,10.795,1026.173426,147.317,4226.0,41609.0
Camden,2014,360.814352,100.877,1421.017591,25.773,1781.831942,126.65,3577.0,55136.0
Croydon,2014,614.12035,148.167,700.20887,11.823,1314.329219,159.99,4145.0,59224.0
Ealing,2014,494.295091,130.589,925.108856,11.939,1419.403947,142.528,3785.0,77486.0
Enfield,2014,513.429803,124.416,536.90198,8.537,1050.331783,132.953,4127.0,62891.0
Greenwich,2014,379.517583,106.092,420.396925,8.702,799.914508,114.794,3577.0,48310.0
Hackney,2014,350.259448,103.091,549.009149,16.107,899.268597,119.198,3398.0,34085.0
Hammersmith and Fulham,2014,290.145493,82.603,720.797933,13.371,1010.943427,95.974,3513.0,53908.0
Haringey,2014,376.896977,105.394,402.66975,9.051,779.566727,114.445,3576.0,44489.0
Harrow,2014,361.908663,87.697,250.253738,5.931,612.162401,93.628,4127.0,42194.0
Havering,2014,418.072412,100.731,400.291115,7.063,818.363527,107.794,4150.0,56674.0
Hillingdon,2014,438.329931,107.611,1308.400492,8.004,1746.730423,115.615,4073.0,163468.0
Hounslow,2014,392.22548,98.17,977.599414,8.117,1369.824895,106.287,3995.0,120439.0
Islington,2014,324.713669,100.205,937.478377,17.7,1262.192046,117.905,3240.0,52965.0
Kensington and Chelsea,2014,385.98086,88.41,1114.074388,18.275,1500.055248,106.685,4366.0,60962.0
Kingston upon Thames,2014,279.736829,65.365,316.006248,6.211,595.743076,71.576,4280.0,50878.0
Lambeth,2014,453.133795,135.136,675.820594,17.46,1128.954389,152.596,3353.0,38707.0
Lewisham,2014,426.531734,120.605,334.443832,11.166,760.975566,131.771,3537.0,29952.0
Merton,2014,324.484865,82.176,458.668574,7.389,783.153439,89.565,3949.0,62075.0
Newham,2014,383.451834,104.579,994.6116,9.811,1378.063434,114.39,3667.0,101377.0
Redbridge,2014,418.092037,101.422,277.426475,7.967,695.518512,109.389,4122.0,34822.0
Richmond upon Thames,2014,352.104225,82.606,359.390676,8.324,711.4949,90.93,4262.0,43175.0
Southwark,2014,458.0797,128.327,1222.350478,17.352,1680.430178,145.679,3570.0,70444.0
Sutton,2014,343.239218,80.683,377.447472,6.137,720.68669,86.82,4254.0,61504.0
Tower Hamlets,2014,409.351059,110.981,2463.628902,15.755,2872.979961,126.736,3688.0,156371.0
Waltham Forest,2014,364.811465,98.546,341.785587,8.691,706.597052,107.237,3702.0,39326.0
Wandsworth,2014,509.843223,136.297,480.223095,15.714,990.066318,152.011,3741.0,30560.0
Westminster,2014,503.714507,121.865,3464.637013,40.803,3968.35152,162.668,4133.0,84911.0
City of London,2015,26.553341,5.903,2455.826807,6.97,2482.380147,12.873,4498.0,352342.0
Barking and Dagenham,2015,275.055415,73.702,438.389514,5.374,713.444929,79.076,3732.0,81576.0
Barnet,2015,639.387273,142.574,529.113609,11.818,1168.500882,154.392,4485.0,44772.0
Bexley,2015,391.893263,95.788,401.759811,6.57,793.653074,102.358,4091.0,61151.0
Brent,2015,438.183184,113.277,826.60636,13.169,1264.789544,126.446,3868.0,62769.0
Bromley,2015,576.999892,136.522,449.173534,10.795,1026.173426,147.317,4226.0,41609.0
Camden,2015,360.814352,100.877,1421.017591,25.773,1781.831942,126.65,3577.0,55136.0
Croydon,2015,614.12035,148.167,700.20887,11.823,1314.329219,159.99,4145.0,59224.0
Ealing,2015,494.295091,130.589,925.108856,11.939,1419.403947,142.528,3785.0,77486.0
Enfield,2015,513.429803,124.416,536.90198,8.537,1050.331783,132.953,4127.0,62891.0
Greenwich,2015,379.517583,106.092,420.396925,8.702,799.914508,114.794,3577.0,48310.0
Hackney,2015,350.259448,103.091,549.009149,16.107,899.268597,119.198,3398.0,34085.0
Hammersmith and Fulham,2015,290.145493,82.603,720.797933,13.371,1010.943427,95.974,3513.0,53908.0
Haringey,2015,376.896977,105.394,402.66975,9.051,779.566727,114.445,3576.0,44489.0
Harrow,2015,361.908663,87.697,250.253738,5.931,612.162401,93.628,4127.0,42194.0
Havering,2015,418.072412,100.731,400.291115,7.063,818.363527,107.794,4150.0,56674.0
Hillingdon,2015,438.329931,107.611,1308.400492,8.004,1746.730423,115.615,4073.0,163468.0
Hounslow,2015,392.22548,98.17,977.599414,8.117,1369.824895,106.287,3995.0,120439.0
Islington,2015,324.713669,100.205,937.478377,17.7,1262.192046,117.905,3240.0,52965.0
Kensington and Chelsea,2015,385.98086,88.41,1114.074388,18.275,1500.055248,106.685,4366.0,60962.0
Kingston upon Thames,2015,279.736829,65.365,316.006248,6.211,595.743076,71.576,4280.0,50878.0
Lambeth,2015,453.133795,135.136,675.820594,17.46,1128.954389,152.596,3353.0,38707.0
Lewisham,2015,426.531734,120.605,334.443832,11.166,760.975566,131.771,3537.0,29952.0
Merton,2015,324.484865,82.176,458.668574,7.389,783.153439,89.565,3949.0,62075.0
Newham,2015,383.451834,104.579,994.6116,9.811,1378.063434,114.39,3667.0,101377.0
Redbridge,2015,418.092037,101.422,277.426475,7.967,695.518512,109.389,4122.0,34822.0
Richmond upon Thames,2015,352.104225,82.606,359.390676,8.324,711.4949,90.93,4262.0,43175.0
Southwark,2015,458.0797,128.327,1222.350478,17.352,1680.430178,145.679,3570.0,70444.0
Sutton,2015,343.239218,80.683,377.447472,6.137,720.68669,86.82,4254.0,61504.0
Tower Hamlets,2015,409.351059,110.981,2463.628902,15.755,2872.979961,126.736,3688.0,156371.0
Waltham Forest,2015,364.811465,98.546,341.785587,8.691,706.597052,107.237,3702.0,39326.0
Wandsworth,2015,509.843223,136.297,480.223095,15.714,990.066318,152.011,3741.0,30560.0
Westminster,2015,503.714507,121.865,3464.637013,40.803,3968.35152,162.668,4133.0,84911.0
City of London,2016,26.553341,5.903,2455.826807,6.97,2482.380147,12.873,4498.0,352342.0
Barking and Dagenham,2016,275.055415,73.702,438.389514,5.374,713.444929,79.076,3732.0,81576.0
Barnet,2016,639.387273,142.574,529.113609,11.818,1168.500882,154.392,4485.0,44772.0
Bexley,2016,391.893263,95.788,401.759811,6.57,793.653074,102.358,4091.0,61151.0
Brent,2016,438.183184,113.277,826.60636,13.169,1264.789544,126.446,3868.0,62769.0
Bromley,2016,576.999892,136.522,449.173534,10.795,1026.173426,147.317,4226.0,41609.0
Camden,2016,360.814352,100.877,1421.017591,25.773,1781.831942,126.65,3577.0,55136.0
Croydon,2016,614.12035,148.167,700.20887,11.823,1314.329219,159.99,4145.0,59224.0
Ealing,2016,494.295091,130.589,925.108856,11.939,1419.403947,142.528,3785.0,77486.0
Enfield,2016,513.429803,124.416,536.90198,8.537,1050.331783,132.953,4127.0,62891.0
Greenwich,2016,379.517583,106.092,420.396925,8.702,799.914508,114.794,3577.0,48310.0
Hackney,2016,350.259448,103.091,549.009149,16.107,899.268597,119.198,3398.0,34085.0
Hammersmith and Fulham,2016,290.145493,82.603,720.797933,13.371,1010.943427,95.974,3513.0,53908.0
Haringey,2016,376.896977,105.394,402.66975,9.051,779.566727,114.445,3576.0,44489.0
Harrow,2016,361.908663,87.697,250.253738,5.931,612.162401,93.628,4127.0,42194.0
Havering,2016,418.072412,100.731,400.291115,7.063,818.363527,107.794,4150.0,56674.0
Hillingdon,2016,438.329931,107.611,1308.400492,8.004,1746.730423,115.615,4073.0,163468.0
Hounslow,2016,392.22548,98.17,977.599414,8.117,1369.824895,106.287,3995.0,120439.0
Islington,2016,324.713669,100.205,937.478377,17.7,1262.192046,117.905,3240.0,52965.0
Kensington and Chelsea,2016,385.98086,88.41,1114.074388,18.275,1500.055248,106.685,4366.0,60962.0
Kingston upon Thames,2016,279.736829,65.365,316.006248,6.211,595.743076,71.576,4280.0,50878.0
Lambeth,2016,453.133795,135.136,675.820594,17.46,1128.954389,152.596,3353.0,38707.0
Lewisham,2016,426.531734,120.605,334.443832,11.166,760.975566,131.771,3537.0,29952.0
Merton,2016,324.484865,82.176,458.668574,7.389,783.153439,89.565,3949.0,62075.0
Newham,2016,383.451834,104.579,994.6116,9.811,1378.063434,114.39,3667.0,101377.0
Redbridge,2016,418.092037,101.422,277.426475,7.967,695.518512,109.389,4122.0,34822.0
Richmond upon Thames,2016,352.104225,82.606,359.390676,8.324,711.4949,90.93,4262.0,43175.0
Southwark,2016,458.0797,128.327,1222.350478,17.352,1680.430178,145.679,3570.0,70444.0
Sutton,2016,343.239218,80.683,377.447472,6.137,720.68669,86.82,4254.0,61504.0
Tower Hamlets,2016,409.351059,110.981,2463.628902,15.755,2872.979961,126.736,3688.0,156371.0
Waltham Forest,2016,364.811465,98.546,341.785587,8.691,706.597052,107.237,3702.0,39326.0
Wandsworth,2016,509.843223,136.297,480.223095,15.714,990.066318,152.011,3741.0,30560.0
Westminster,2016,503.714507,121.865,3464.637013,40.803,3968.35152,162.668,4133.0,84911.0
City of London,2017,26.553341,5.903,2455.826807,6.97,2482.380147,12.873,4498.0,352342.0
Barking and Dagenham,2017,275.055415,73.702,438.389514,5.374,713.444929,79.076,3732.0,81576.0
Barnet,2017,639.387273,142.574,529.113609,11.818,1168.500882,154.392,4485.0,44772.0
Bexley,2017,391.893263,95.788,401.759811,6.57,793.653074,102.358,4091.0,61151.0
Brent,2017,438.183184,113.277,826.60636,13.169,1264.789544,126.446,3868.0,62769.0
Bromley,2017,576.999892,136.522,449.173534,10.795,1026.173426,147.317,4226.0,41609.0
Camden,2017,360.814352,100.877,1421.017591,25.773,1781.831942,126.65,3577.0,55136.0
Croydon,2017,614.12035,148.167,700.20887,11.823,1314.329219,159.99,4145.0,59224.0
Ealing,2017,494.295091,130.589,925.108856,11.939,1419.403947,142.528,3785.0,77486.0
Enfield,2017,513.429803,124.416,536.90198,8.537,1050.331783,132.953,4127.0,62891.0
Greenwich,2017,379.517583,106.092,420.396925,8.702,799.914508,114.794,3577.0,48310.0
Hackney,2017,350.259448,103.091,549.009149,16.107,899.268597,119.198,3398.0,34085.0
Hammersmith and Fulham,2017,290.145493,82.603,720.797933,13.371,1010.943427,95.974,3513.0,53908.0
Haringey,2017,376.896977,105.394,402.66975,9.051,779.566727,114.445,3576.0,44489.0
Harrow,2017,361.908663,87.697,250.253738,5.931,612.162401,93.628,4127.0,42194.0
Havering,2017,418.072412,100.731,400.291115,7.063,818.363527,107.794,4150.0,56674.0
Hillingdon,2017,438.329931,107.611,1308.400492,8.004,1746.730423,115.615,4073.0,163468.0
Hounslow,2017,392.22548,98.17,977.599414,8.117,1369.824895,106.287,3995.0,120439.0
Islington,2017,324.713669,100.205,937.478377,17.7,1262.192046,117.905,3240.0,52965.0
Kensington and Chelsea,2017,385.98086,88.41,1114.074388,18.275,1500.055248,106.685,4366.0,60962.0
Kingston upon Thames,2017,279.736829,65.365,316.006248,6.211,595.743076,71.576,4280.0,50878.0
Lambeth,2017,453.133795,135.136,675.820594,17.46,1128.954389,152.596,3353.0,38707.0
Lewisham,2017,426.531734,120.605,334.443832,11.166,760.975566,131.771,3537.0,29952.0
Merton,2017,324.484865,82.176,458.668574,7.389,783.153439,89.565,3949.0,62075.0
Newham,2017,383.451834,104.579,994.6116,9.811,1378.063434,114.39,3667.0,101377.0
Redbridge,2017,418.092037,101.422,277.426475,7.967,695.518512,109.389,4122.0,34822.0
Richmond upon Thames,2017,352.104225,82.606,359.390676,8.324,711.4949,90.93,4262.0,43175.0
Southwark,2017,458.0797,128.327,1222.350478,17.352,1680.430178,145.679,3570.0,70444.0
Sutton,2017,343.239218,80.683,377.447472,6.137,720.68669,86.82,4254.0,61504.0
Tower Hamlets,2017,409.351059,110.981,2463.628902,15.755,2872.979961,126.736,3688.0,156371.0
Waltham Forest,2017,364.811465,98.546,341.785587,8.691,706.597052,107.237,3702.0,39326.0
Wandsworth,2017,509.843223,136.297,480.223095,15.714,990.066318,152.011,3741.0,30560.0
Westminster,2017,503.714507,121.865,3464.637013,40.803,3968.35152,162.668,4133.0,84911.0
City of London,2018,26.553341,5.903,2455.826807,6.97,2482.380147,12.873,4498.0,352342.0
Barking and Dagenham,2018,275.055415,73.702,438.389514,5.374,713.444929,79.076,3732.0,81576.0
Barnet,2018,639.387273,142.574,529.113609,11.818,1168.500882,154.392,4485.0,44772.0
Bexley,2018,391.893263,95.788,401.759811,6.57,793.653074,102.358,4091.0,61151.0
Brent,2018,438.183184,113.277,826.60636,13.169,1264.789544,126.446,3868.0,62769.0
Bromley,2018,576.999892,136.522,449.173534,10.795,1026.173426,147.317,4226.0,41609.0
Camden,2018,360.814352,100.877,1421.017591,25.773,1781.831942,126.65,3577.0,55136.0
Croydon,2018,614.12035,148.167,700.20887,11.823,1314.329219,159.99,4145.0,59224.0
Ealing,2018,494.295091,130.589,925.108856,11.939,1419.403947,142.528,3785.0,77486.0
Enfield,2018,513.429803,124.416,536.90198,8.537,1050.331783,132.953,4127.0,62891.0
Greenwich,2018,379.517583,106.092,420.396925,8.702,799.914508,114.794,3577.0,48310.0
Hackney,2018,350.259448,103.091,549.009149,16.107,899.268597,119.198,3398.0,34085.0
Hammersmith and Fulham,2018,290.145493,82.603,720.797933,13.371,1010.943427,95.974,3513.0,53908.0
Haringey,2018,376.896977,105.394,402.66975,9.051,779.566727,114.445,3576.0,44489.0
Harrow,2018,361.908663,87.697,250.253738,5.931,612.162401,93.628,4127.0,42194.0
Havering,2018,418.072412,100.731,400.291115,7.063,818.363527,107.794,4150.0,56674.0
Hillingdon,2018,438.329931,107.611,1308.400492,8.004,1746.730423,115.615,4073.0,163468.0
Hounslow,2018,392.22548,98.17,977.599414,8.117,1369.824895,106.287,3995.0,120439.0
Islington,2018,324.713669,100.205,937.478377,17.7,1262.192046,117.905,3240.0,52965.0
Kensington and Chelsea,2018,385.98086,88.41,1114.074388,18.275,1500.055248,106.685,4366.0,60962.0
Kingston upon Thames,2018,279.736829,65.365,316.006248,6.211,595.743076,71.576,4280.0,50878.0
Lambeth,2018,453.133795,135.136,675.820594,17.46,1128.954389,152.596,3353.0,38707.0
Lewisham,2018,426.531734,120.605,334.443832,11.166,760.975566,131.771,3537.0,29952.0
Merton,2018,324.484865,82.176,458.668574,7.389,783.153439,89.565,3949.0,62075.0
Newham,2018,383.451834,104.579,994.6116,9.811,1378.063434,114.39,3667.0,101377.0
Redbridge,2018,418.092037,101.422,277.426475,7.967,695.518512,109.389,4122.0,34822.0
Richmond upon Thames,2018,352.104225,82.606,359.390676,8.324,711.4949,90.93,4262.0,43175.0
Southwark,2018,458.0797,128.327,1222.350478,17.352,1680.430178,145.679,3570.0,70444.0
Sutton,2018,343.239218,80.683,377.447472,6.137,720.68669,86.82,4254.0,61504.0
Tower Hamlets,2018,409.351059,110.981,2463.628902,15.755,2872.979961,126.736,3688.0,156371.0
Waltham Forest,2018,364.811465,98.546,341.785587,8.691,706.597052,107.237,3702.0,39326.0
Wandsworth,2018,509.843223,136.297,480.223095,15.714,990.066318,152.011,3741.0,30560.0
Westminster,2018,503.714507,121.865,3464.637013,40.803,3968.35152,162.668,4133.0,84911.0
